date,terminal,parcel_volume,weekday,month,is_weekend,lag_1,lag_7,lag_14,rolling_mean_7,rolling_std_7
2026-01-01,Gavle,2665,3,1,0,,,,,
2026-01-02,Gavle,3018,4,1,0,2665.0,,,,
2026-01-03,Gavle,1977,5,1,1,3018.0,,,,
2026-01-04,Gavle,1575,6,1,1,1977.0,,,,
2026-01-05,Gavle,2953,0,1,0,1575.0,,,,
2026-01-06,Gavle,2829,1,1,0,2953.0,,,,
2026-01-07,Gavle,2708,2,1,0,2829.0,,,,
2026-01-08,Gavle,2618,3,1,0,2708.0,2665.0,,2532.1428571428573,543.7807243645882
2026-01-09,Gavle,3473,4,1,0,2618.0,3018.0,,2525.4285714285716,542.1546080663883
2026-01-10,Gavle,1900,5,1,1,3473.0,1977.0,,2590.4285714285716,631.0414294753442
2026-01-11,Gavle,1654,6,1,1,1900.0,1575.0,,2579.4285714285716,644.053532232339
2026-01-12,Gavle,2975,0,1,0,1654.0,2953.0,,2590.714285714286,623.8962825891589
2026-01-13,Gavle,2960,1,1,0,2975.0,2829.0,,2593.8571428571427,626.0770529179905
2026-01-14,Gavle,2775,2,1,0,2960.0,2708.0,,2612.5714285714284,636.1540319615623
2026-01-15,Gavle,2360,3,1,0,2775.0,2618.0,2665.0,2622.1428571428573,638.3294417387281
2026-01-16,Gavle,2844,4,1,0,2360.0,3473.0,3018.0,2585.285714285714,646.0107621099704
2026-01-17,Gavle,1725,5,1,1,2844.0,1900.0,1977.0,2495.4285714285716,536.4009250373757
2026-01-18,Gavle,1402,6,1,1,1725.0,1654.0,1575.0,2470.4285714285716,571.6942239644246
2026-01-19,Gavle,3031,0,1,0,1402.0,2975.0,2953.0,2434.4285714285716,635.9923629370762
2026-01-20,Gavle,3524,1,1,0,3031.0,2960.0,2829.0,2442.4285714285716,644.2243028487455
2026-01-21,Gavle,3126,2,1,0,3524.0,2775.0,2708.0,2523.0,746.8404559654402
2026-01-22,Gavle,3378,3,1,0,3126.0,2360.0,2618.0,2573.1428571428573,777.7241217319993
2026-01-23,Gavle,3438,4,1,0,3378.0,2844.0,3473.0,2718.5714285714284,824.969465524403
2026-01-24,Gavle,2193,5,1,1,3438.0,1725.0,1900.0,2803.4285714285716,869.3759940598884
2026-01-25,Gavle,1623,6,1,1,2193.0,1402.0,1654.0,2870.285714285714,786.6822133249899
2026-01-26,Gavle,3525,0,1,0,1623.0,3031.0,2975.0,2901.8571428571427,719.5015470382787
2026-01-27,Gavle,3439,1,1,0,3525.0,3524.0,2960.0,2972.4285714285716,757.5026638331287
2026-01-28,Gavle,3013,2,1,0,3439.0,3126.0,2775.0,2960.285714285714,747.806506677076
2026-01-29,Gavle,3180,3,1,0,3013.0,3378.0,2360.0,2944.1428571428573,744.8468362850243
2026-01-30,Gavle,3389,4,1,0,3180.0,3438.0,2844.0,2915.8571428571427,729.2206864343672
2026-01-31,Gavle,1928,5,1,1,3389.0,2193.0,1725.0,2908.8571428571427,723.5865367670106
2026-02-01,Gavle,1558,6,2,1,1928.0,1623.0,1402.0,2871.0,772.556578294863
2026-02-02,Gavle,3021,0,2,0,1558.0,3525.0,3031.0,2861.714285714286,790.2450493962225
2026-02-03,Gavle,3173,1,2,0,3021.0,3439.0,3524.0,2789.714285714286,741.176927659812
2026-02-04,Gavle,3088,2,2,0,3173.0,3013.0,3126.0,2751.714285714286,708.435768503566
2026-02-05,Gavle,2780,3,2,0,3088.0,3180.0,3378.0,2762.4285714285716,713.5943892583184
2026-02-06,Gavle,3152,4,2,0,2780.0,3389.0,3438.0,2705.285714285714,690.215839257478
2026-02-07,Gavle,2025,5,2,1,3152.0,1928.0,2193.0,2671.4285714285716,656.0553475489847
2026-02-08,Gavle,1691,6,2,1,2025.0,1558.0,1623.0,2685.285714285714,638.5258319717677
2026-02-09,Gavle,3540,0,2,0,1691.0,3021.0,3525.0,2704.285714285714,600.2215463992482
2026-02-10,Gavle,3373,1,2,0,3540.0,3173.0,3439.0,2778.4285714285716,673.45201688585
2026-02-11,Gavle,2795,2,2,0,3373.0,3088.0,3013.0,2807.0,696.818962619895
2026-02-12,Gavle,3324,3,2,0,2795.0,2780.0,3180.0,2765.1428571428573,685.839978559486
2026-02-13,Gavle,4128,4,2,0,3324.0,3152.0,3389.0,2842.8571428571427,717.876829865084
2026-02-14,Gavle,2170,5,2,1,4128.0,2025.0,1928.0,2982.285714285714,867.1815869596775
2026-02-15,Gavle,1712,6,2,1,2170.0,1691.0,1558.0,3003.0,841.8661809733578
2026-02-16,Gavle,3290,0,2,0,1712.0,3540.0,3021.0,3006.0,836.4315074569265
2026-02-17,Gavle,2891,1,2,0,3290.0,3373.0,3173.0,2970.285714285714,814.8903227399611
2026-02-18,Gavle,3188,2,2,0,2891.0,2795.0,3088.0,2901.4285714285716,795.3191931844841
2026-02-19,Gavle,2848,3,2,0,3188.0,3324.0,2780.0,2957.5714285714284,800.4090323376035
2026-02-20,Gavle,3695,4,2,0,2848.0,4128.0,3152.0,2889.5714285714284,784.1445141347472
2026-02-21,Gavle,2391,5,2,1,3695.0,2170.0,2025.0,2827.714285714286,680.3824204778057
2026-02-22,Gavle,1708,6,2,1,2391.0,1712.0,1691.0,2859.285714285714,649.1886511345562
2026-02-23,Gavle,3640,0,2,0,1708.0,3290.0,3540.0,2858.714285714286,650.3675151496301
2026-02-24,Gavle,3269,1,2,0,3640.0,2891.0,3373.0,2908.714285714286,700.5673211252229
2026-02-25,Gavle,3171,2,2,0,3269.0,3188.0,2795.0,2962.714285714286,713.4245380056472
2026-02-26,Gavle,3419,3,2,0,3171.0,2848.0,3324.0,2960.285714285714,712.5582348799554
2026-02-27,Gavle,3455,4,2,0,3419.0,3695.0,4128.0,3041.8571428571427,730.0306908095091
2026-02-28,Gavle,2395,5,2,1,3455.0,2391.0,2170.0,3007.5714285714284,699.2295419824251
2026-03-01,Gavle,1816,6,3,1,2395.0,1708.0,1712.0,3008.1428571428573,698.6430725750757
2026-03-02,Gavle,3918,0,3,0,1816.0,3640.0,3290.0,3023.5714285714284,665.5548705510953
2026-03-03,Gavle,3527,1,3,0,3918.0,3269.0,2891.0,3063.285714285714,714.9309323950374
2026-03-04,Gavle,3534,2,3,0,3527.0,3171.0,3188.0,3100.1428571428573,733.7075776655226
2026-03-05,Gavle,3155,3,3,0,3534.0,3419.0,2848.0,3152.0,752.146705547971
2026-03-06,Gavle,3458,4,3,0,3155.0,3455.0,3695.0,3114.285714285714,743.0916754312603
2026-03-07,Gavle,2122,5,3,1,3458.0,2395.0,2391.0,3114.714285714286,743.321759465736
2026-03-08,Gavle,1670,6,3,1,2122.0,1816.0,1708.0,3075.714285714286,792.8860183502024
2026-03-09,Gavle,3639,0,3,0,1670.0,3918.0,3640.0,3054.8571428571427,832.477913334928
2026-03-10,Gavle,3510,1,3,0,3639.0,3527.0,3269.0,3015.0,789.8527288889575
2026-03-11,Gavle,3379,2,3,0,3510.0,3534.0,3171.0,3012.5714285714284,788.0401548869736
2026-03-12,Gavle,3541,3,3,0,3379.0,3155.0,3419.0,2990.4285714285716,772.9805640382895
2026-03-13,Gavle,3805,4,3,0,3541.0,3458.0,3455.0,3045.5714285714284,799.9743448267276
2026-03-14,Gavle,2104,5,3,1,3805.0,2122.0,2395.0,3095.1428571428573,839.5620740543703
2026-03-15,Gavle,1865,6,3,1,2104.0,1670.0,1816.0,3092.5714285714284,843.0596770381198
2026-03-16,Gavle,3454,0,3,0,1865.0,3639.0,3918.0,3120.4285714285716,789.7560503393557
2026-03-17,Gavle,3533,1,3,0,3454.0,3510.0,3527.0,3094.0,772.4152596455699
2026-03-18,Gavle,3298,2,3,0,3533.0,3379.0,3534.0,3097.285714285714,774.5258149960129
2026-03-19,Gavle,3804,3,3,0,3298.0,3541.0,3155.0,3085.714285714286,770.2085679186113
2026-03-20,Gavle,3802,4,3,0,3804.0,3805.0,3458.0,3123.285714285714,801.8827250676403
2026-03-21,Gavle,2287,5,3,1,3802.0,2104.0,2122.0,3122.8571428571427,801.4583433906445
2026-03-22,Gavle,2114,6,3,1,2287.0,1865.0,1670.0,3149.0,764.8328793490336
2026-03-23,Gavle,3273,0,3,0,2114.0,3454.0,3639.0,3184.5714285714284,698.0362591209852
2026-03-24,Gavle,3217,1,3,0,3273.0,3533.0,3510.0,3158.714285714286,689.6950326740349
2026-03-25,Gavle,3823,2,3,0,3217.0,3298.0,3379.0,3113.5714285714284,671.2075826803649
2026-03-26,Gavle,3571,3,3,0,3823.0,3804.0,3541.0,3188.5714285714284,722.6130493200487
2026-03-27,Gavle,3878,4,3,0,3571.0,3802.0,3805.0,3155.285714285714,694.353587707232
2026-03-28,Gavle,2138,5,3,1,3878.0,2287.0,2104.0,3166.1428571428573,706.6367356644263
2026-03-29,Gavle,1949,6,3,1,2138.0,2114.0,1865.0,3144.8571428571427,739.0339253763273
2026-03-30,Gavle,4347,0,3,0,1949.0,3273.0,3454.0,3121.285714285714,778.9464496539998
2026-03-31,Gavle,3863,1,3,0,4347.0,3217.0,3533.0,3274.714285714286,908.7648603618935
2026-04-01,Gavle,3605,2,4,0,3863.0,3823.0,3298.0,3367.0,934.3673438928257
2026-04-02,Gavle,4466,3,4,0,3605.0,3571.0,3804.0,3335.8571428571427,920.1605708736257
2026-04-03,Gavle,3583,4,4,0,4466.0,3878.0,3802.0,3463.714285714286,1015.5188680810282
2026-04-04,Gavle,1929,5,4,1,3583.0,2138.0,2287.0,3421.5714285714284,1001.4852066044812
2026-04-05,Gavle,1907,6,4,1,1929.0,1949.0,2114.0,3391.714285714286,1048.1578625197187
2026-04-06,Gavle,3876,0,4,0,1907.0,4347.0,3273.0,3385.714285714286,1057.86809421681
2026-04-07,Gavle,3129,1,4,0,3876.0,3863.0,3217.0,3318.4285714285716,999.9273068816651
2026-04-08,Gavle,3227,2,4,0,3129.0,3605.0,3823.0,3213.5714285714284,971.3811227907848
2026-04-09,Gavle,3050,3,4,0,3227.0,4466.0,3571.0,3159.5714285714284,956.3855319452955
2026-04-10,Gavle,3329,4,4,0,3050.0,3583.0,3878.0,2957.285714285714,764.5100204893137
2026-04-11,Gavle,2233,5,4,1,3329.0,1929.0,2138.0,2921.0,735.3332577818028
2026-04-12,Gavle,1593,6,4,1,2233.0,1907.0,1949.0,2964.4285714285716,673.3458391106449
2026-04-13,Gavle,3855,0,4,0,1593.0,3876.0,4347.0,2919.5714285714284,760.3665469458036
2026-04-14,Gavle,3794,1,4,0,3855.0,3129.0,3863.0,2916.5714285714284,755.9929137989885
2026-04-15,Gavle,3451,2,4,0,3794.0,3227.0,3605.0,3011.5714285714284,825.7049225041708
2026-04-16,Gavle,2882,3,4,0,3451.0,3050.0,4466.0,3043.5714285714284,839.6677630949946
2026-04-17,Gavle,3524,4,4,0,2882.0,3329.0,3583.0,3019.5714285714284,841.8515025709414
2026-04-18,Gavle,2582,5,4,1,3524.0,2233.0,1929.0,3047.4285714285716,856.8891132351677
2026-04-19,Gavle,1612,6,4,1,2582.0,1593.0,1907.0,3097.285714285714,810.5022546309816
2026-04-20,Gavle,3875,0,4,0,1612.0,3855.0,3876.0,3100.0,804.6355282569451
2026-04-21,Gavle,3548,1,4,0,3875.0,3794.0,3129.0,3102.8571428571427,807.7925535208958
2026-04-22,Gavle,3966,2,4,0,3548.0,3451.0,3227.0,3067.714285714286,777.4961338136916
2026-04-23,Gavle,3527,3,4,0,3966.0,2882.0,3050.0,3141.285714285714,841.5384154997945
2026-04-24,Gavle,4097,4,4,0,3527.0,3524.0,3329.0,3233.4285714285716,843.725440559676
2026-04-25,Gavle,2571,5,4,1,4097.0,2582.0,2233.0,3315.285714285714,902.3723758858675
2026-04-26,Gavle,2321,6,4,1,2571.0,1612.0,1593.0,3313.714285714286,903.870513271622
2026-04-27,Gavle,3972,0,4,0,2321.0,3875.0,3855.0,3415.0,697.5827310553694
2026-04-28,Gavle,3972,1,4,0,3972.0,3548.0,3794.0,3428.8571428571427,709.1115165170737
2026-04-29,Gavle,3322,2,4,0,3972.0,3966.0,3451.0,3489.4285714285716,738.4851289730128
2026-04-30,Gavle,3910,3,4,0,3322.0,3527.0,2882.0,3397.4285714285716,708.7342842802843
2026-05-01,Gavle,3782,4,5,0,3910.0,4097.0,3524.0,3452.1428571428573,734.7120589209156
2026-05-02,Gavle,2359,5,5,1,3782.0,2571.0,2582.0,3407.1428571428573,697.3283369574269
2026-05-03,Gavle,2023,6,5,1,2359.0,2321.0,1612.0,3376.8571428571427,742.8154612848407
2026-05-04,Gavle,3517,0,5,0,2023.0,3972.0,3875.0,3334.285714285714,818.1337939248724
2026-05-05,Gavle,3845,1,5,0,3517.0,3972.0,3548.0,3269.285714285714,776.0141137646309
2026-05-06,Gavle,3872,2,5,0,3845.0,3322.0,3966.0,3251.1428571428573,758.1251938326611
2026-05-07,Gavle,3615,3,5,0,3872.0,3910.0,3527.0,3329.714285714286,794.3290070421527
2026-05-08,Gavle,3372,4,5,0,3615.0,3782.0,4097.0,3287.5714285714284,765.7214152120121
2026-05-09,Gavle,2332,5,5,1,3372.0,2359.0,2571.0,3229.0,736.7303894008086
2026-05-10,Gavle,2065,6,5,1,2332.0,2023.0,2321.0,3225.1428571428573,742.0955528257866
2026-05-11,Gavle,3366,0,5,0,2065.0,3517.0,3972.0,3231.1428571428573,730.840481585284
2026-05-12,Gavle,3483,1,5,0,3366.0,3845.0,3972.0,3209.5714285714284,723.1852821932652
2026-05-13,Gavle,3887,2,5,0,3483.0,3872.0,3322.0,3157.8571428571427,681.9402291920284
2026-05-14,Gavle,3698,3,5,0,3887.0,3615.0,3910.0,3160.0,684.5767548882545
2026-05-15,Gavle,4052,4,5,0,3698.0,3372.0,3782.0,3171.8571428571427,694.4190446148561
2026-05-16,Gavle,2793,5,5,1,4052.0,2332.0,2359.0,3269.0,770.4808022700289
2026-05-17,Gavle,2151,6,5,1,2793.0,2065.0,2023.0,3334.8571428571427,692.8312513571715
2026-05-18,Gavle,4332,0,5,0,2151.0,3366.0,3517.0,3347.1428571428573,666.8351691813684
2026-05-19,Gavle,4809,1,5,0,4332.0,3483.0,3845.0,3485.1428571428573,764.231079489146
2026-05-20,Gavle,3877,2,5,0,4809.0,3887.0,3872.0,3674.5714285714284,913.391638736796
2026-05-21,Gavle,3677,3,5,0,3877.0,3698.0,3615.0,3673.1428571428573,913.0117612552865
2026-05-22,Gavle,4334,4,5,0,3677.0,4052.0,3372.0,3670.1428571428573,912.9509714056283
2026-05-23,Gavle,2703,5,5,1,4334.0,2793.0,2332.0,3710.4285714285716,938.4746235501648
2026-05-24,Gavle,2110,6,5,1,2703.0,2151.0,2065.0,3697.5714285714284,953.632329070079
2026-05-25,Gavle,3997,0,5,0,2110.0,4332.0,3366.0,3691.714285714286,964.7752267213552
2026-05-26,Gavle,4825,1,5,0,3997.0,4809.0,3483.0,3643.8571428571427,935.5879485776917
2026-05-27,Gavle,4083,2,5,0,4825.0,3877.0,3887.0,3646.1428571428573,938.9225080859868
2026-05-28,Gavle,3697,3,5,0,4083.0,3677.0,3698.0,3675.5714285714284,950.5208847684287
2026-05-29,Gavle,4422,4,5,0,3697.0,4334.0,4052.0,3678.4285714285716,950.5559526127977
2026-05-30,Gavle,2538,5,5,1,4422.0,2703.0,2793.0,3691.0,961.1935289004001
2026-05-31,Gavle,2074,6,5,1,2538.0,2110.0,2151.0,3667.4285714285716,991.0208301111991
2026-06-01,Gavle,4192,0,6,0,2074.0,3997.0,4332.0,3662.285714285714,1000.4981616317822
2026-06-02,Gavle,3510,1,6,0,4192.0,4825.0,4809.0,3690.1428571428573,1013.9946463651312
2026-06-03,Gavle,3781,2,6,0,3510.0,4083.0,3877.0,3502.285714285714,881.9135850119184
2026-06-04,Gavle,4074,3,6,0,3781.0,3697.0,3677.0,3459.1428571428573,855.7699123345863
2026-06-05,Gavle,3958,4,6,0,4074.0,4422.0,4334.0,3513.0,884.6112140369933
2026-06-06,Gavle,2305,5,6,1,3958.0,2538.0,2703.0,3446.714285714286,820.1838644039359
2026-06-07,Gavle,1897,6,6,1,2305.0,2074.0,2110.0,3413.4285714285716,866.6221508713902
2026-06-08,Gavle,3753,0,6,0,1897.0,4192.0,3997.0,3388.1428571428573,913.5293150872673
2026-06-09,Gavle,3672,1,6,0,3753.0,3510.0,4825.0,3325.4285714285716,862.8072123680279
2026-06-10,Gavle,3525,2,6,0,3672.0,3781.0,4083.0,3348.5714285714284,870.7194069930264
2026-06-11,Gavle,3805,3,6,0,3525.0,4074.0,3697.0,3312.0,854.7596153305334
2026-06-12,Gavle,3401,4,6,0,3805.0,3958.0,4422.0,3273.5714285714284,820.137357833605
2026-06-13,Gavle,2571,5,6,1,3401.0,2305.0,2538.0,3194.0,768.03059834879
2026-06-14,Gavle,1987,6,6,1,2571.0,1897.0,2074.0,3232.0,721.9101975546085
2026-06-15,Gavle,4166,0,6,0,1987.0,3753.0,4192.0,3244.8571428571427,694.4504850530936
2026-06-16,Gavle,3652,1,6,0,4166.0,3672.0,3510.0,3303.8571428571427,759.3305008517773
2026-06-17,Gavle,4228,2,6,0,3652.0,3525.0,3781.0,3301.0,757.7503986582046
2026-06-18,Gavle,5548,3,6,0,4228.0,3805.0,4074.0,3401.4285714285716,835.0315078172927
2026-06-19,Gavle,4438,4,6,0,5548.0,3401.0,3958.0,3650.4285714285716,1168.6571862815988
2026-06-20,Gavle,2325,5,6,1,4438.0,2571.0,2305.0,3798.5714285714284,1197.148536752071
2026-06-21,Gavle,2307,6,6,1,2325.0,1987.0,1897.0,3763.4285714285716,1241.9624064550521
2026-06-22,Gavle,4429,0,6,0,2307.0,4166.0,3753.0,3809.1428571428573,1169.4500742616087
2026-06-23,Gavle,3701,1,6,0,4429.0,3652.0,3672.0,3846.714285714286,1186.9200639028916
2026-06-24,Gavle,4017,2,6,0,3701.0,4228.0,3525.0,3853.714285714286,1185.7242110886962
2026-06-25,Gavle,4043,3,6,0,4017.0,5548.0,3805.0,3823.5714285714284,1177.2753652881265
2026-06-26,Gavle,4382,4,6,0,4043.0,4438.0,3401.0,3608.5714285714284,918.9471978198511
2026-06-27,Gavle,2635,5,6,1,4382.0,2325.0,2571.0,3600.5714285714284,910.7300838965899
2026-06-28,Gavle,2197,6,6,1,2635.0,2307.0,1987.0,3644.8571428571427,843.4149687572624
2026-06-29,Gavle,4632,0,6,0,2197.0,4429.0,4166.0,3629.1428571428573,873.0018000308745
2026-06-30,Gavle,4364,1,6,0,4632.0,3701.0,3652.0,3658.1428571428573,906.7209104922053
2026-07-01,Gavle,2708,2,7,0,4364.0,4017.0,4228.0,3752.8571428571427,945.7324196218583
2026-07-02,Gavle,3222,3,7,0,2708.0,4043.0,5548.0,3565.8571428571427,1011.8984515209418
2026-07-03,Gavle,3466,4,7,0,3222.0,4382.0,4438.0,3448.5714285714284,994.8125212224436
2026-07-04,Gavle,1894,5,7,1,3466.0,2635.0,2325.0,3317.714285714286,908.0254611492123
2026-07-05,Gavle,1798,6,7,1,1894.0,2197.0,2307.0,3211.8571428571427,1035.1718743879253
2026-07-06,Gavle,3801,0,7,0,1798.0,4632.0,4429.0,3154.8571428571427,1108.737935458064
2026-07-07,Gavle,3111,1,7,0,3801.0,4364.0,3701.0,3036.1428571428573,958.531590258667
2026-07-08,Gavle,3322,2,7,0,3111.0,2708.0,4017.0,2857.1428571428573,767.1167726344805
2026-07-09,Gavle,2987,3,7,0,3322.0,3222.0,4043.0,2944.8571428571427,782.1765420013195
2026-07-10,Gavle,3279,4,7,0,2987.0,3466.0,4382.0,2911.285714285714,773.2916039644447
2026-07-11,Gavle,2370,5,7,1,3279.0,1894.0,2635.0,2884.5714285714284,753.9219360877387
2026-07-12,Gavle,1735,6,7,1,2370.0,1798.0,2197.0,2952.5714285714284,666.0297433655784
2026-07-13,Gavle,3696,0,7,0,1735.0,3801.0,4632.0,2943.5714285714284,684.4038420754359
2026-07-14,Gavle,3037,1,7,0,3696.0,3111.0,4364.0,2928.5714285714284,663.3050723819456
2026-07-15,Gavle,3854,2,7,0,3037.0,3322.0,2708.0,2918.0,660.4967827325119
2026-07-16,Gavle,3527,3,7,0,3854.0,2987.0,3222.0,2994.0,740.4935291186994
2026-07-17,Gavle,3628,4,7,0,3527.0,3279.0,3466.0,3071.1428571428573,767.2860024292177
2026-07-18,Gavle,2397,5,7,1,3628.0,2370.0,1894.0,3121.0,793.9198112320076
2026-07-19,Gavle,1747,6,7,1,2397.0,1735.0,1798.0,3124.8571428571427,789.7175504721986
2026-07-20,Gavle,4159,0,7,0,1747.0,3696.0,3801.0,3126.5714285714284,786.2028697358922
2026-07-21,Gavle,3649,1,7,0,4159.0,3037.0,3111.0,3192.714285714286,858.2662202148614
2026-07-22,Gavle,3566,2,7,0,3649.0,3854.0,3322.0,3280.1428571428573,870.8395237875212
2026-07-23,Gavle,3436,3,7,0,3566.0,3527.0,2987.0,3239.0,845.6478778624906
2026-07-24,Gavle,3667,4,7,0,3436.0,3628.0,3279.0,3226.0,841.1702166228508
2026-07-25,Gavle,2483,5,7,1,3667.0,2397.0,2370.0,3231.5714285714284,844.39956125499
2026-07-26,Gavle,2001,6,7,1,2483.0,1747.0,1735.0,3243.8571428571427,830.748343076175
2026-07-27,Gavle,4018,0,7,0,2001.0,4159.0,3696.0,3280.1428571428573,756.7202099788778
2026-07-28,Gavle,3683,1,7,0,4018.0,3649.0,3037.0,3260.0,730.8620480865961
2026-07-29,Gavle,3653,2,7,0,3683.0,3566.0,3854.0,3264.8571428571427,733.98442957405
2026-07-30,Gavle,3329,3,7,0,3653.0,3436.0,3527.0,3277.285714285714,740.6399742307811
2026-07-31,Gavle,4218,4,7,0,3329.0,3667.0,3628.0,3262.0,737.9175654050621
2026-08-01,Gavle,2174,5,8,1,4218.0,2483.0,2397.0,3340.714285714286,813.8052007464107
2026-08-02,Gavle,2194,6,8,1,2174.0,2001.0,1747.0,3296.5714285714284,874.2217219033281
2026-08-03,Gavle,4309,0,8,0,2194.0,4018.0,4159.0,3324.1428571428573,828.3939136609329
2026-08-04,Gavle,3548,1,8,0,4309.0,3683.0,3649.0,3365.714285714286,875.0073741185876
2026-08-05,Gavle,4188,2,8,0,3548.0,3653.0,3566.0,3346.4285714285716,868.3107848274257
2026-08-06,Gavle,3793,3,8,0,4188.0,3329.0,3436.0,3422.8571428571427,921.6967014825489
2026-08-07,Gavle,4064,4,8,0,3793.0,4218.0,3667.0,3489.1428571428573,930.4648351892785
2026-08-08,Gavle,2370,5,8,1,4064.0,2174.0,2483.0,3467.1428571428573,911.9967888414654
2026-08-09,Gavle,1948,6,8,1,2370.0,2194.0,2001.0,3495.1428571428573,867.6063678442034
2026-08-10,Gavle,3856,0,8,0,1948.0,4309.0,4018.0,3460.0,931.7079299150932
2026-08-11,Gavle,3914,1,8,0,3856.0,3548.0,3683.0,3395.285714285714,877.0383333100325
2026-08-12,Gavle,4074,2,8,0,3914.0,4188.0,3653.0,3447.5714285714284,898.3117233905801
2026-08-13,Gavle,3727,3,8,0,4074.0,3793.0,3329.0,3431.285714285714,883.5633752568289
2026-08-14,Gavle,3741,4,8,0,3727.0,4064.0,4218.0,3421.8571428571427,879.4025298597969
2026-08-15,Gavle,2653,5,8,1,3741.0,2370.0,2174.0,3375.714285714286,848.0068227488342
2026-08-16,Gavle,2249,6,8,1,2653.0,1948.0,2194.0,3416.1428571428573,797.2982354116167
2026-08-17,Gavle,4390,0,8,0,2249.0,3856.0,4309.0,3459.1428571428573,708.0422371044056
2026-08-18,Gavle,4306,1,8,0,4390.0,3914.0,3548.0,3535.4285714285716,782.7521653633124
2026-08-19,Gavle,3904,2,8,0,4306.0,4074.0,4188.0,3591.4285714285716,827.1152392790386
2026-08-20,Gavle,3675,3,8,0,3904.0,3727.0,3793.0,3567.1428571428573,812.9590864185469
2026-08-21,Gavle,3982,4,8,0,3675.0,3741.0,4064.0,3559.714285714286,811.4911612346168
2026-08-22,Gavle,2335,5,8,1,3982.0,2653.0,2370.0,3594.1428571428573,825.4565259239753
2026-08-23,Gavle,2234,6,8,1,2335.0,2249.0,1948.0,3548.714285714286,891.9562235681228
2026-08-24,Gavle,4287,0,8,0,2234.0,4390.0,3856.0,3546.5714285714284,895.6096354146829
2026-08-25,Gavle,4022,1,8,0,4287.0,4306.0,3914.0,3531.8571428571427,880.1559385645696
2026-08-26,Gavle,3157,2,8,0,4022.0,3904.0,4074.0,3491.285714285714,844.3407120915349
2026-08-27,Gavle,3541,3,8,0,3157.0,3675.0,3727.0,3384.5714285714284,830.57868524358
2026-08-28,Gavle,5927,4,8,0,3541.0,3982.0,3741.0,3365.4285714285716,824.2897664338801
2026-01-01,Orebro,3915,3,1,0,,,,,
2026-01-02,Orebro,3784,4,1,0,3915.0,,,,
2026-01-03,Orebro,2146,5,1,1,3784.0,,,,
2026-01-04,Orebro,1891,6,1,1,2146.0,,,,
2026-01-05,Orebro,3702,0,1,0,1891.0,,,,
2026-01-06,Orebro,3212,1,1,0,3702.0,,,,
2026-01-07,Orebro,3335,2,1,0,3212.0,,,,
2026-01-08,Orebro,3136,3,1,0,3335.0,3915.0,,3140.714285714286,808.5426631262188
2026-01-09,Orebro,3758,4,1,0,3136.0,3784.0,,3029.4285714285716,734.4226433380298
2026-01-10,Orebro,2186,5,1,1,3758.0,2146.0,,3025.714285714286,730.0229937670262
2026-01-11,Orebro,1776,6,1,1,2186.0,1891.0,,3031.4285714285716,722.102914443377
2026-01-12,Orebro,3536,0,1,0,1776.0,3702.0,,3015.0,753.0194773930707
2026-01-13,Orebro,3502,1,1,0,3536.0,3212.0,,2991.285714285714,730.0417143985026
2026-01-14,Orebro,3485,2,1,0,3502.0,3335.0,,3032.714285714286,752.5363145801701
2026-01-15,Orebro,3069,3,1,0,3485.0,3136.0,3915.0,3054.1428571428573,764.6172089290668
2026-01-16,Orebro,3312,4,1,0,3069.0,3758.0,3784.0,3044.5714285714284,763.8407026649071
2026-01-17,Orebro,2412,5,1,1,3312.0,2186.0,2146.0,2980.8571428571427,711.20049413449
2026-01-18,Orebro,1831,6,1,1,2412.0,1776.0,1891.0,3013.1428571428573,673.2187431960552
2026-01-19,Orebro,3377,0,1,0,1831.0,3536.0,3702.0,3021.0,656.4866081396228
2026-01-20,Orebro,3777,1,1,0,3377.0,3502.0,3212.0,2998.285714285714,638.1937308492132
2026-01-21,Orebro,3689,2,1,0,3777.0,3485.0,3335.0,3037.5714285714284,681.3725992785585
2026-01-22,Orebro,3165,3,1,0,3689.0,3069.0,3136.0,3066.714285714286,707.5584108481114
2026-01-23,Orebro,3903,4,1,0,3165.0,3312.0,3758.0,3080.4285714285716,708.5397794391075
2026-01-24,Orebro,2526,5,1,1,3903.0,2412.0,2186.0,3164.8571428571427,773.0106572295601
2026-01-25,Orebro,2067,6,1,1,2526.0,1831.0,1776.0,3181.1428571428573,755.508753218966
2026-01-26,Orebro,4152,0,1,0,2067.0,3377.0,3536.0,3214.8571428571427,687.4145834384152
2026-01-27,Orebro,3471,1,1,0,4152.0,3777.0,3502.0,3325.5714285714284,774.7446583967431
2026-01-28,Orebro,3799,2,1,0,3471.0,3689.0,3485.0,3281.8571428571427,753.3658758247172
2026-01-29,Orebro,3561,3,1,0,3799.0,3165.0,3069.0,3297.5714285714284,764.3410794365865
2026-01-30,Orebro,3759,4,1,0,3561.0,3903.0,3312.0,3354.1428571428573,767.5416228825271
2026-01-31,Orebro,2547,5,1,1,3759.0,2526.0,2412.0,3333.5714285714284,752.1550941888822
2026-02-01,Orebro,2240,6,2,1,2547.0,2067.0,1831.0,3336.5714285714284,748.4298802922598
2026-02-02,Orebro,4456,0,2,0,2240.0,4152.0,3377.0,3361.285714285714,700.8643982696691
2026-02-03,Orebro,4138,1,2,0,4456.0,3471.0,3777.0,3404.714285714286,764.5514402327062
2026-02-04,Orebro,3593,2,2,0,4138.0,3799.0,3689.0,3500.0,814.1449502392069
2026-02-05,Orebro,3608,3,2,0,3593.0,3561.0,3165.0,3470.5714285714284,805.2098809508941
2026-02-06,Orebro,3949,4,2,0,3608.0,3759.0,3903.0,3477.285714285714,806.2848368258196
2026-02-07,Orebro,2328,5,2,1,3949.0,2547.0,2526.0,3504.4285714285716,820.4232357230543
2026-02-08,Orebro,1928,6,2,1,2328.0,2240.0,2067.0,3473.1428571428573,865.9319504771396
2026-02-09,Orebro,3956,0,2,0,1928.0,4456.0,4152.0,3428.5714285714284,944.4529028566146
2026-02-10,Orebro,3588,1,2,0,3956.0,4138.0,3471.0,3357.1428571428573,869.7513875760568
2026-02-11,Orebro,3298,2,2,0,3588.0,3593.0,3799.0,3278.5714285714284,810.2620681283425
2026-02-12,Orebro,3319,3,2,0,3298.0,3608.0,3561.0,3236.4285714285716,798.7727789433939
2026-02-13,Orebro,5005,4,2,0,3319.0,3949.0,3759.0,3195.1428571428573,783.6930582337761
2026-02-14,Orebro,2303,5,2,1,5005.0,2328.0,2547.0,3346.0,1019.2338625981118
2026-02-15,Orebro,1980,6,2,1,2303.0,1928.0,2240.0,3342.4285714285716,1023.4306452878405
2026-02-16,Orebro,4020,0,2,0,1980.0,3956.0,4456.0,3349.8571428571427,1011.572938311326
2026-02-17,Orebro,3650,1,2,0,4020.0,3588.0,4138.0,3359.0,1018.2318007212307
2026-02-18,Orebro,3851,2,2,0,3650.0,3298.0,3593.0,3367.8571428571427,1020.8221243310754
2026-02-19,Orebro,3728,3,2,0,3851.0,3319.0,3608.0,3446.8571428571427,1035.8029781400562
2026-02-20,Orebro,3602,4,2,0,3728.0,5005.0,3949.0,3505.285714285714,1038.9195853202043
2026-02-21,Orebro,2722,5,2,1,3602.0,2303.0,2328.0,3304.8571428571427,811.9044337382383
2026-02-22,Orebro,2006,6,2,1,2722.0,1980.0,1928.0,3364.714285714286,737.795977734973
2026-02-23,Orebro,3643,0,2,0,2006.0,4020.0,3956.0,3368.4285714285716,729.6839172186949
2026-02-24,Orebro,3711,1,2,0,3643.0,3650.0,3588.0,3314.5714285714284,686.1938154639346
2026-02-25,Orebro,3601,2,2,0,3711.0,3851.0,3298.0,3323.285714285714,691.5301184777888
2026-02-26,Orebro,3829,3,2,0,3601.0,3728.0,3319.0,3287.5714285714284,665.7073574133649
2026-02-27,Orebro,4018,4,2,0,3829.0,3602.0,5005.0,3302.0,677.8283951955194
2026-02-28,Orebro,2477,5,2,1,4018.0,2722.0,2303.0,3361.4285714285716,725.1024886508245
2026-03-01,Orebro,2340,6,3,1,2477.0,2006.0,1980.0,3326.4285714285716,765.8776789067683
2026-03-02,Orebro,4489,0,3,0,2340.0,3643.0,4020.0,3374.1428571428573,674.9055313082537
2026-03-03,Orebro,4298,1,3,0,4489.0,3711.0,3650.0,3495.0,795.9650327328038
2026-03-04,Orebro,4138,2,3,0,4298.0,3601.0,3851.0,3578.8571428571427,851.4977840197098
2026-03-05,Orebro,4082,3,3,0,4138.0,3829.0,3728.0,3655.5714285714284,877.6147326974515
2026-03-06,Orebro,3548,4,3,0,4082.0,4018.0,3602.0,3691.714285714286,891.0541910728953
2026-03-07,Orebro,2494,5,3,1,3548.0,2477.0,2722.0,3624.5714285714284,880.0094425900322
2026-03-08,Orebro,1791,6,3,1,2494.0,2340.0,2006.0,3627.0,876.3304171372806
2026-03-09,Orebro,4133,0,3,0,1791.0,4489.0,3643.0,3548.5714285714284,1023.0020946773697
2026-03-10,Orebro,3956,1,3,0,4133.0,4298.0,3711.0,3497.714285714286,976.2381393706687
2026-03-11,Orebro,4078,2,3,0,3956.0,4138.0,3601.0,3448.8571428571427,937.292631033914
2026-03-12,Orebro,4030,3,3,0,4078.0,4082.0,3829.0,3440.285714285714,930.1875642911516
2026-03-13,Orebro,4051,4,3,0,4030.0,3548.0,4018.0,3432.8571428571427,924.3982598734937
2026-03-14,Orebro,2397,5,3,1,4051.0,2494.0,2477.0,3504.714285714286,953.9192338777456
2026-03-15,Orebro,2149,6,3,1,2397.0,1791.0,2340.0,3490.8571428571427,971.5893214336035
2026-03-16,Orebro,3961,0,3,0,2149.0,4133.0,4489.0,3542.0,871.461607492455
2026-03-17,Orebro,4004,1,3,0,3961.0,3956.0,4298.0,3517.4285714285716,854.2760789391327
2026-03-18,Orebro,4170,2,3,0,4004.0,4078.0,4138.0,3524.285714285714,858.5650265191945
2026-03-19,Orebro,3719,3,3,0,4170.0,4030.0,4082.0,3537.4285714285716,869.0935617340745
2026-03-20,Orebro,4440,4,3,0,3719.0,4051.0,3548.0,3493.0,847.394634551498
2026-03-21,Orebro,2763,5,3,1,4440.0,2397.0,2494.0,3548.5714285714284,901.1375879303629
2026-03-22,Orebro,2074,6,3,1,2763.0,2149.0,1791.0,3600.8571428571427,831.0799056190743
2026-03-23,Orebro,4717,0,3,0,2074.0,3961.0,4133.0,3590.1428571428573,853.1083222685204
2026-03-24,Orebro,4515,1,3,0,4717.0,4004.0,3956.0,3698.1428571428573,950.2093503664388
2026-03-25,Orebro,4215,2,3,0,4515.0,4170.0,4078.0,3771.1428571428573,996.1417952231883
2026-03-26,Orebro,3913,3,3,0,4215.0,3719.0,4030.0,3777.5714285714284,999.2850539498824
2026-03-27,Orebro,4189,4,3,0,3913.0,4440.0,4051.0,3805.285714285714,1000.0797825316597
2026-03-28,Orebro,2667,5,3,1,4189.0,2763.0,2397.0,3769.4285714285716,977.780796351762
2026-03-29,Orebro,2397,6,3,1,2667.0,2074.0,2149.0,3755.714285714286,994.7751361129668
2026-03-30,Orebro,4228,0,3,0,2397.0,4717.0,3961.0,3801.8571428571427,907.4233537093604
2026-03-31,Orebro,4493,1,3,0,4228.0,4515.0,4004.0,3732.0,841.6703630281871
2026-04-01,Orebro,3896,2,4,0,4493.0,4215.0,4170.0,3728.8571428571427,838.2935898938648
2026-04-02,Orebro,5328,3,4,0,3896.0,3913.0,3719.0,3683.285714285714,815.8310107462441
2026-04-03,Orebro,4462,4,4,0,5328.0,4189.0,4440.0,3885.4285714285716,1029.5440507238884
2026-04-04,Orebro,3189,5,4,1,4462.0,2667.0,2763.0,3924.4285714285716,1047.9661026869871
2026-04-05,Orebro,2030,6,4,1,3189.0,2397.0,2074.0,3999.0,958.3144925684193
2026-04-06,Orebro,4828,0,4,0,2030.0,4228.0,4717.0,3946.5714285714284,1064.6999353719114
2026-04-07,Orebro,4235,1,4,0,4828.0,4493.0,4515.0,4032.285714285714,1114.1365437392483
2026-04-08,Orebro,4127,2,4,0,4235.0,3896.0,4215.0,3995.4285714285716,1100.5398458851696
2026-04-09,Orebro,3945,3,4,0,4127.0,5328.0,3913.0,4028.4285714285716,1100.5248531409695
2026-04-10,Orebro,4312,4,4,0,3945.0,4462.0,4189.0,3830.8571428571427,940.9005311529002
2026-04-11,Orebro,2561,5,4,1,4312.0,3189.0,2667.0,3809.4285714285716,925.7164535541931
2026-04-12,Orebro,2376,6,4,1,2561.0,2030.0,2397.0,3719.714285714286,1021.3559148318009
2026-04-13,Orebro,4112,0,4,0,2376.0,4828.0,4228.0,3769.1428571428573,930.2633011808053
2026-04-14,Orebro,4447,1,4,0,4112.0,4235.0,4493.0,3666.8571428571427,828.1983314342503
2026-04-15,Orebro,3820,2,4,0,4447.0,4127.0,3896.0,3697.1428571428573,855.851511375548
2026-04-16,Orebro,3942,3,4,0,3820.0,3945.0,5328.0,3653.285714285714,837.8288835408089
2026-04-17,Orebro,3970,4,4,0,3942.0,4312.0,4462.0,3652.8571428571427,837.6555434806181
2026-04-18,Orebro,2778,5,4,1,3970.0,2561.0,3189.0,3604.0,802.018495214834
2026-04-19,Orebro,2498,6,4,1,2778.0,2376.0,2030.0,3635.0,757.9689967274388
2026-04-20,Orebro,4487,0,4,0,2498.0,4112.0,4828.0,3652.4285714285716,724.8751288194075
2026-04-21,Orebro,4346,1,4,0,4487.0,4447.0,4235.0,3706.0,776.5176538023246
2026-04-22,Orebro,3960,2,4,0,4346.0,3820.0,4127.0,3691.5714285714284,761.2423742678495
2026-04-23,Orebro,4187,3,4,0,3960.0,3942.0,3945.0,3711.5714285714284,766.9962749024835
2026-04-24,Orebro,4092,4,4,0,4187.0,3970.0,4312.0,3746.5714285714284,784.6506350265826
2026-04-25,Orebro,2691,5,4,1,4092.0,2778.0,2561.0,3764.0,791.7632221819856
2026-04-26,Orebro,2443,6,4,1,2691.0,2498.0,2376.0,3751.5714285714284,810.286545435802
2026-04-27,Orebro,5176,0,4,0,2443.0,4487.0,4112.0,3743.714285714286,824.6081320412574
2026-04-28,Orebro,5477,1,4,0,5176.0,4346.0,4447.0,3842.1428571428573,958.3860440990414
2026-04-29,Orebro,4226,2,4,0,5477.0,3960.0,3820.0,4003.714285714286,1136.307721568079
2026-04-30,Orebro,4741,3,4,0,4226.0,4187.0,3942.0,4041.714285714286,1139.0466356103418
2026-05-01,Orebro,4866,4,5,0,4741.0,4092.0,3970.0,4120.857142857143,1169.6588432204537
2026-05-02,Orebro,2916,5,5,1,4866.0,2691.0,2778.0,4231.428571428572,1202.596753854322
2026-05-03,Orebro,2509,6,5,1,2916.0,2443.0,2498.0,4263.571428571428,1156.6931107173384
2026-05-04,Orebro,4765,0,5,0,2509.0,5176.0,4487.0,4273.0,1139.521244499929
2026-05-05,Orebro,4574,1,5,0,4765.0,5477.0,4346.0,4214.285714285715,1094.9562722297353
2026-05-06,Orebro,4214,2,5,0,4574.0,4226.0,3960.0,4085.285714285714,967.1293802254373
2026-05-07,Orebro,3808,3,5,0,4214.0,4741.0,4187.0,4083.5714285714284,966.8489811655969
2026-05-08,Orebro,4011,4,5,0,3808.0,4866.0,4092.0,3950.285714285714,924.4956668882979
2026-05-09,Orebro,2900,5,5,1,4011.0,2916.0,2691.0,3828.1428571428573,835.5512010187109
2026-05-10,Orebro,2255,6,5,1,2900.0,2509.0,2443.0,3825.8571428571427,838.4790652467976
2026-05-11,Orebro,4322,0,5,0,2255.0,4765.0,5176.0,3789.5714285714284,907.6109403525388
2026-05-12,Orebro,4358,1,5,0,4322.0,4574.0,5477.0,3726.285714285714,841.281703570157
2026-05-13,Orebro,4444,2,5,0,4358.0,4214.0,4226.0,3695.4285714285716,808.3221010510722
2026-05-14,Orebro,4202,3,5,0,4444.0,3808.0,4741.0,3728.285714285714,837.0775978139096
2026-05-15,Orebro,4279,4,5,0,4202.0,4011.0,4866.0,3784.5714285714284,856.3554279898153
2026-05-16,Orebro,3047,5,5,1,4279.0,2900.0,2916.0,3822.8571428571427,873.9752911403217
2026-05-17,Orebro,2621,6,5,1,3047.0,2255.0,2509.0,3843.8571428571427,849.5291693189882
2026-05-18,Orebro,4853,0,5,0,2621.0,4322.0,4765.0,3896.1428571428573,739.5916505233209
2026-05-19,Orebro,4894,1,5,0,4853.0,4358.0,4574.0,3972.0,814.0348067906353
2026-05-20,Orebro,4859,2,5,0,4894.0,4444.0,4214.0,4048.5714285714284,879.0109701899551
2026-05-21,Orebro,4788,3,5,0,4859.0,4202.0,3808.0,4107.857142857143,923.0193982380921
2026-05-22,Orebro,5021,4,5,0,4788.0,4279.0,4011.0,4191.571428571428,958.8590193806486
2026-05-23,Orebro,3142,5,5,1,5021.0,3047.0,2900.0,4297.571428571428,1009.7953352276979
2026-05-24,Orebro,2624,6,5,1,3142.0,2621.0,2255.0,4311.142857142857,990.6434657284506
2026-05-25,Orebro,4623,0,5,0,2624.0,4853.0,4322.0,4311.571428571428,989.7906945650776
2026-05-26,Orebro,5095,1,5,0,4623.0,4894.0,4358.0,4278.714285714285,972.4881686145276
2026-05-27,Orebro,4250,2,5,0,5095.0,4859.0,4444.0,4307.428571428572,996.3578435386315
2026-05-28,Orebro,4352,3,5,0,4250.0,4788.0,4202.0,4220.428571428572,966.3037578220174
2026-05-29,Orebro,5390,4,5,0,4352.0,5021.0,4279.0,4158.142857142857,937.2366169705897
2026-05-30,Orebro,3232,5,5,1,5390.0,3142.0,3047.0,4210.857142857143,1001.9957465930062
2026-05-31,Orebro,2792,6,5,1,3232.0,2624.0,2621.0,4223.714285714285,986.4516738096725
2026-06-01,Orebro,4749,0,6,0,2792.0,4623.0,4853.0,4247.714285714285,942.0907094127956
2026-06-02,Orebro,4263,1,6,0,4749.0,5095.0,4894.0,4265.714285714285,951.6117405548885
2026-06-03,Orebro,4358,2,6,0,4263.0,4250.0,4859.0,4146.857142857143,880.037201594612
2026-06-04,Orebro,4341,3,6,0,4358.0,4352.0,4788.0,4162.285714285715,883.0882768794434
2026-06-05,Orebro,4610,4,6,0,4341.0,5390.0,5021.0,4160.714285714285,882.7041245109094
2026-06-06,Orebro,3044,5,6,1,4610.0,3232.0,3142.0,4049.285714285714,739.2337731926019
2026-06-07,Orebro,2272,6,6,1,3044.0,2792.0,2624.0,4022.4285714285716,776.3583487760568
2026-06-08,Orebro,4667,0,6,0,2272.0,4749.0,4623.0,3948.1428571428573,924.4647872456488
2026-06-09,Orebro,4076,1,6,0,4667.0,4263.0,5095.0,3936.4285714285716,913.0748156901597
2026-06-10,Orebro,4346,2,6,0,4076.0,4358.0,4250.0,3909.714285714286,904.6241787404891
2026-06-11,Orebro,4135,3,6,0,4346.0,4341.0,4352.0,3908.0,903.6439195464844
2026-06-12,Orebro,4215,4,6,0,4135.0,4610.0,5390.0,3878.5714285714284,890.4504210684344
2026-06-13,Orebro,2727,5,6,1,4215.0,3044.0,3232.0,3822.1428571428573,847.8717333361667
2026-06-14,Orebro,2294,6,6,1,2727.0,2272.0,2792.0,3776.8571428571427,903.0314554453844
2026-06-15,Orebro,4520,0,6,0,2294.0,4667.0,4749.0,3780.0,896.9388682253284
2026-06-16,Orebro,5050,1,6,0,4520.0,4076.0,4263.0,3759.0,874.1414835902327
2026-06-17,Orebro,4351,2,6,0,5050.0,4346.0,4358.0,3898.1428571428573,1001.2830816126922
2026-06-18,Orebro,5557,3,6,0,4351.0,4135.0,4341.0,3898.8571428571427,1001.6575310573016
2026-06-19,Orebro,4030,4,6,0,5557.0,4215.0,4610.0,4102.0,1184.955132765231
2026-06-20,Orebro,2778,5,6,1,4030.0,2727.0,3044.0,4075.5714285714284,1184.0775392885462
2026-06-21,Orebro,2449,6,6,1,2778.0,2294.0,2272.0,4082.8571428571427,1174.5149961539341
2026-06-22,Orebro,4713,0,6,0,2449.0,4520.0,4667.0,4105.0,1135.9988262904733
2026-06-23,Orebro,5285,1,6,0,4713.0,5050.0,4076.0,4132.571428571428,1150.0056314561907
2026-06-24,Orebro,4623,2,6,0,5285.0,4351.0,4346.0,4166.142857142857,1184.1737525340088
2026-06-25,Orebro,5026,3,6,0,4623.0,5557.0,4135.0,4205.0,1195.6575596716643
2026-06-26,Orebro,4982,4,6,0,5026.0,4030.0,4215.0,4129.142857142857,1109.3120133024534
2026-06-27,Orebro,3086,5,6,1,4982.0,2778.0,2727.0,4265.142857142857,1152.6420994930772
2026-06-28,Orebro,2543,6,6,1,3086.0,2449.0,2294.0,4309.142857142857,1090.6217536450522
2026-06-29,Orebro,5013,0,6,0,2543.0,4713.0,4520.0,4322.571428571428,1064.1586437404992
2026-06-30,Orebro,5392,1,6,0,5013.0,5285.0,5050.0,4365.428571428572,1088.2709309026034
2026-07-01,Orebro,3407,2,7,0,5392.0,4623.0,4351.0,4380.714285714285,1103.9779155831143
2026-07-02,Orebro,3404,3,7,0,3407.0,5026.0,5557.0,4207.0,1154.0352392077693
2026-07-03,Orebro,4052,4,7,0,3404.0,4982.0,4030.0,3975.285714285714,1124.6474579893493
2026-07-04,Orebro,2592,5,7,1,4052.0,3086.0,2778.0,3842.4285714285716,1037.4524659219908
2026-07-05,Orebro,2240,6,7,1,2592.0,2543.0,2449.0,3771.8571428571427,1111.6332471595463
2026-07-06,Orebro,4303,0,7,0,2240.0,5013.0,4713.0,3728.5714285714284,1171.7331688774625
2026-07-07,Orebro,3884,1,7,0,4303.0,5392.0,5285.0,3627.1428571428573,1068.1720255607133
2026-07-08,Orebro,4099,2,7,0,3884.0,3407.0,4623.0,3411.714285714286,760.7383944312961
2026-07-09,Orebro,4008,3,7,0,4099.0,3404.0,5026.0,3510.5714285714284,803.7690085140259
2026-07-10,Orebro,4056,4,7,0,4008.0,4052.0,4982.0,3596.8571428571427,822.6206960220552
2026-07-11,Orebro,2651,5,7,1,4056.0,2592.0,3086.0,3597.4285714285716,822.9908580178479
2026-07-12,Orebro,2113,6,7,1,2651.0,2240.0,2543.0,3605.8571428571427,811.1952967835863
2026-07-13,Orebro,3933,0,7,0,2113.0,4303.0,5013.0,3587.714285714286,847.4451239432789
2026-07-14,Orebro,4174,1,7,0,3933.0,3884.0,5392.0,3534.8571428571427,805.9167509884695
2026-07-15,Orebro,3900,2,7,0,4174.0,4099.0,3407.0,3576.285714285714,833.8264636173241
2026-07-16,Orebro,3836,3,7,0,3900.0,4008.0,3404.0,3547.8571428571427,816.2416775627653
2026-07-17,Orebro,4592,4,7,0,3836.0,4056.0,4052.0,3523.285714285714,802.5554423809232
2026-07-18,Orebro,2164,5,7,1,4592.0,2651.0,2592.0,3599.8571428571427,883.3548604744362
2026-07-19,Orebro,1983,6,7,1,2164.0,2113.0,2240.0,3530.285714285714,983.9858932399586
2026-07-20,Orebro,4013,0,7,0,1983.0,3933.0,4303.0,3511.714285714286,1015.9026715661493
2026-07-21,Orebro,4162,1,7,0,4013.0,4174.0,3884.0,3523.1428571428573,1021.8643792225125
2026-07-22,Orebro,4084,2,7,0,4162.0,3900.0,4099.0,3521.4285714285716,1020.5998003041907
2026-07-23,Orebro,3679,3,7,0,4084.0,3836.0,4008.0,3547.714285714286,1034.253146685362
2026-07-24,Orebro,4137,4,7,0,3679.0,4592.0,4056.0,3525.285714285714,1028.646637462013
2026-07-25,Orebro,2602,5,7,1,4137.0,2164.0,2651.0,3460.285714285714,962.2390060488643
2026-07-26,Orebro,2709,6,7,1,2602.0,1983.0,2113.0,3522.8571428571427,874.1009530886449
2026-07-27,Orebro,5118,0,7,0,2709.0,4013.0,3933.0,3626.5714285714284,683.1570969020378
2026-07-28,Orebro,4254,1,7,0,5118.0,4162.0,4174.0,3784.4285714285716,885.1385686514212
2026-07-29,Orebro,4102,2,7,0,4254.0,4084.0,3900.0,3797.5714285714284,892.3330576159816
2026-07-30,Orebro,3777,3,7,0,4102.0,3679.0,3836.0,3800.1428571428573,893.3214107235669
2026-07-31,Orebro,3794,4,7,0,3777.0,4137.0,4592.0,3814.1428571428573,891.8732026043896
2026-08-01,Orebro,2910,5,8,1,3794.0,2602.0,2164.0,3765.1428571428573,880.5290887815559
2026-08-02,Orebro,2253,6,8,1,2910.0,2709.0,1983.0,3809.1428571428573,818.2099218357579
2026-08-03,Orebro,4690,0,8,0,2253.0,5118.0,4013.0,3744.0,930.8030582960793
2026-08-04,Orebro,4008,1,8,0,4690.0,4254.0,4162.0,3682.8571428571427,834.5894057502034
2026-08-05,Orebro,4086,2,8,0,4008.0,4102.0,4084.0,3647.714285714286,811.3882577175407
2026-08-06,Orebro,4247,3,8,0,4086.0,3777.0,3679.0,3645.4285714285716,809.9164271995107
2026-08-07,Orebro,4600,4,8,0,4247.0,3794.0,4137.0,3712.5714285714284,841.5073493723154
2026-08-08,Orebro,2851,5,8,1,4600.0,2910.0,2602.0,3827.714285714286,907.0925557857397
2026-08-09,Orebro,2089,6,8,1,2851.0,2253.0,2709.0,3819.285714285714,917.258181445427
2026-08-10,Orebro,4796,0,8,0,2089.0,4690.0,5118.0,3795.8571428571427,964.7945253733961
2026-08-11,Orebro,4134,1,8,0,4796.0,4008.0,4254.0,3811.0,981.8485966108354
2026-08-12,Orebro,4430,2,8,0,4134.0,4086.0,4102.0,3829.0,987.2024446215006
2026-08-13,Orebro,4187,3,8,0,4430.0,4247.0,3777.0,3878.1428571428573,1010.417311241817
2026-08-14,Orebro,4099,4,8,0,4187.0,4600.0,3794.0,3869.5714285714284,1007.0155339985008
2026-08-15,Orebro,2779,5,8,1,4099.0,2851.0,2910.0,3798.0,963.3047285257144
2026-08-16,Orebro,2454,6,8,1,2779.0,2089.0,2253.0,3787.714285714286,975.4099504457456
2026-08-17,Orebro,4963,0,8,0,2454.0,4796.0,4690.0,3839.8571428571427,873.944969390985
2026-08-18,Orebro,4603,1,8,0,4963.0,4134.0,4008.0,3863.714285714286,906.0845645386738
2026-08-19,Orebro,5021,2,8,0,4603.0,4430.0,4086.0,3930.714285714286,945.868333734619
2026-08-20,Orebro,4814,3,8,0,5021.0,4187.0,4247.0,4015.1428571428573,1021.2362489602862
2026-08-21,Orebro,4786,4,8,0,4814.0,4099.0,4600.0,4104.714285714285,1065.3651509045637
2026-08-22,Orebro,3208,5,8,1,4786.0,2779.0,2851.0,4202.857142857143,1095.9555083079215
2026-08-23,Orebro,2900,6,8,1,3208.0,2454.0,2089.0,4264.142857142857,1011.8292722542049
2026-08-24,Orebro,5735,0,8,0,2900.0,4963.0,4796.0,4327.857142857143,884.933411538484
2026-08-25,Orebro,4461,1,8,0,5735.0,4603.0,4134.0,4438.142857142857,1015.7219810839674
2026-08-26,Orebro,4403,2,8,0,4461.0,5021.0,4430.0,4417.857142857143,1013.2958483041726
2026-08-27,Orebro,5091,3,8,0,4403.0,4814.0,4187.0,4329.571428571428,978.3054835007399
2026-08-28,Orebro,5937,4,8,0,5091.0,4786.0,4099.0,4369.142857142857,1006.3656440498189
2026-01-01,Sodertalje,3341,3,1,0,,,,,
2026-01-02,Sodertalje,3889,4,1,0,3341.0,,,,
2026-01-03,Sodertalje,1872,5,1,1,3889.0,,,,
2026-01-04,Sodertalje,1651,6,1,1,1872.0,,,,
2026-01-05,Sodertalje,3368,0,1,0,1651.0,,,,
2026-01-06,Sodertalje,3801,1,1,0,3368.0,,,,
2026-01-07,Sodertalje,3362,2,1,0,3801.0,,,,
2026-01-08,Sodertalje,3378,3,1,0,3362.0,3341.0,,3040.5714285714284,903.2657152692957
2026-01-09,Sodertalje,3138,4,1,0,3378.0,3889.0,,3045.8571428571427,905.4224481002277
2026-01-10,Sodertalje,1934,5,1,1,3138.0,1872.0,,2938.5714285714284,830.2376882842763
2026-01-11,Sodertalje,1789,6,1,1,1934.0,1651.0,,2947.4285714285716,817.1910949798008
2026-01-12,Sodertalje,3404,0,1,0,1789.0,3368.0,,2967.1428571428573,781.5920565468555
2026-01-13,Sodertalje,3386,1,1,0,3404.0,3801.0,,2972.285714285714,784.7812252013752
2026-01-14,Sodertalje,3098,2,1,0,3386.0,3362.0,,2913.0,725.152627612514
2026-01-15,Sodertalje,3141,3,1,0,3098.0,3378.0,3341.0,2875.285714285714,704.4791726956198
2026-01-16,Sodertalje,3353,4,1,0,3141.0,3138.0,3889.0,2841.4285714285716,681.6161816210198
2026-01-17,Sodertalje,2180,5,1,1,3353.0,1934.0,1872.0,2872.1428571428573,701.7538572679713
2026-01-18,Sodertalje,1832,6,1,1,2180.0,1789.0,1651.0,2907.285714285714,651.2878816329264
2026-01-19,Sodertalje,3049,0,1,0,1832.0,3404.0,3368.0,2913.4285714285716,639.0706421940267
2026-01-20,Sodertalje,2827,1,1,0,3049.0,3386.0,3801.0,2862.714285714286,606.9299010280386
2026-01-21,Sodertalje,3500,2,1,0,2827.0,3098.0,3362.0,2782.8571428571427,561.6925103564014
2026-01-22,Sodertalje,3518,3,1,0,3500.0,3141.0,3378.0,2840.285714285714,617.1012111168675
2026-01-23,Sodertalje,3276,4,1,0,3518.0,3353.0,3138.0,2894.1428571428573,662.5011769980559
2026-01-24,Sodertalje,1925,5,1,1,3276.0,2180.0,1934.0,2883.1428571428573,654.1998748016359
2026-01-25,Sodertalje,1876,6,1,1,1925.0,1832.0,1789.0,2846.714285714286,705.0063154056882
2026-01-26,Sodertalje,3938,0,1,0,1876.0,3049.0,3404.0,2853.0,694.5703708048594
2026-01-27,Sodertalje,4051,1,1,0,3938.0,2827.0,3386.0,2980.0,808.3392439646447
2026-01-28,Sodertalje,3618,2,1,0,4051.0,3500.0,3098.0,3154.8571428571427,897.2254322022288
2026-01-29,Sodertalje,3351,3,1,0,3618.0,3518.0,3141.0,3171.714285714286,905.857736123746
2026-01-30,Sodertalje,3470,4,1,0,3351.0,3276.0,3353.0,3147.8571428571427,897.3771835319915
2026-01-31,Sodertalje,2298,5,1,1,3470.0,1925.0,2180.0,3175.5714285714284,904.9579837655185
2026-02-01,Sodertalje,1910,6,2,1,2298.0,1876.0,1832.0,3228.8571428571427,826.6418871094119
2026-02-02,Sodertalje,3549,0,2,0,1910.0,3938.0,3049.0,3233.714285714286,817.416400268903
2026-02-03,Sodertalje,4195,1,2,0,3549.0,4051.0,2827.0,3178.1428571428573,773.6048579155098
2026-02-04,Sodertalje,3952,2,2,0,4195.0,3618.0,3500.0,3198.714285714286,802.0747501086819
2026-02-05,Sodertalje,3692,3,2,0,3952.0,3351.0,3518.0,3246.4285714285716,840.2029233351619
2026-02-06,Sodertalje,3404,4,2,0,3692.0,3470.0,3276.0,3295.1428571428573,856.9940545440261
2026-02-07,Sodertalje,2371,5,2,1,3404.0,2298.0,1925.0,3285.714285714286,855.1106583917883
2026-02-08,Sodertalje,1929,6,2,1,2371.0,1910.0,1876.0,3296.1428571428573,841.3923834080878
2026-02-09,Sodertalje,3710,0,2,0,1929.0,3549.0,3938.0,3298.8571428571427,836.190055862786
2026-02-10,Sodertalje,3751,1,2,0,3710.0,4195.0,4051.0,3321.8571428571427,846.369389130504
2026-02-11,Sodertalje,3455,2,2,0,3751.0,3952.0,3618.0,3258.4285714285716,784.3967654919833
2026-02-12,Sodertalje,3400,3,2,0,3455.0,3692.0,3351.0,3187.4285714285716,731.8904419703941
2026-02-13,Sodertalje,4595,4,2,0,3400.0,3404.0,3470.0,3145.714285714286,706.2100051886629
2026-02-14,Sodertalje,2201,5,2,1,4595.0,2371.0,2298.0,3315.8571428571427,896.6114782095658
2026-02-15,Sodertalje,1571,6,2,1,2201.0,1929.0,1910.0,3291.5714285714284,928.2147483463182
2026-02-16,Sodertalje,3567,0,2,0,1571.0,3710.0,3549.0,3240.4285714285716,1021.0249518894982
2026-02-17,Sodertalje,3314,1,2,0,3567.0,3751.0,4195.0,3220.0,1011.4496197702251
2026-02-18,Sodertalje,3054,2,2,0,3314.0,3455.0,3952.0,3157.5714285714284,986.3886754457488
2026-02-19,Sodertalje,3717,3,2,0,3054.0,3400.0,3692.0,3100.285714285714,977.8434970699068
2026-02-20,Sodertalje,4046,4,2,0,3717.0,4595.0,3404.0,3145.5714285714284,1001.1010367162175
2026-02-21,Sodertalje,2481,5,2,1,4046.0,2201.0,2371.0,3067.1428571428573,883.1846595458635
2026-02-22,Sodertalje,1943,6,2,1,2481.0,1571.0,1929.0,3107.1428571428573,842.8375542517922
2026-02-23,Sodertalje,4154,0,2,0,1943.0,3567.0,3710.0,3160.285714285714,734.6172958953332
2026-02-24,Sodertalje,3707,1,2,0,4154.0,3314.0,3751.0,3244.1428571428573,817.5983994952185
2026-02-25,Sodertalje,3657,2,2,0,3707.0,3054.0,3455.0,3300.285714285714,836.470305168433
2026-02-26,Sodertalje,3293,3,2,0,3657.0,3717.0,3400.0,3386.4285714285716,837.9279716743473
2026-02-27,Sodertalje,3959,4,2,0,3293.0,4046.0,4595.0,3325.8571428571427,825.2786253889104
2026-02-28,Sodertalje,2410,5,2,1,3959.0,2481.0,2201.0,3313.4285714285716,813.192444862194
2026-03-01,Sodertalje,1939,6,3,1,2410.0,1943.0,1571.0,3303.285714285714,825.6530171699882
2026-03-02,Sodertalje,4179,0,3,0,1939.0,4154.0,3567.0,3302.714285714286,826.7520213231443
2026-03-03,Sodertalje,4019,1,3,0,4179.0,3707.0,3314.0,3306.285714285714,831.0849764586279
2026-03-04,Sodertalje,4371,2,3,0,4019.0,3657.0,3054.0,3350.8571428571427,863.876617072027
2026-03-05,Sodertalje,4026,3,3,0,4371.0,3293.0,3717.0,3452.8571428571427,944.4431213809594
2026-03-06,Sodertalje,4042,4,3,0,4026.0,3959.0,4046.0,3557.5714285714284,964.1939391953014
2026-03-07,Sodertalje,2528,5,3,1,4042.0,2410.0,2481.0,3569.4285714285716,970.4433449276088
2026-03-08,Sodertalje,2058,6,3,1,2528.0,1939.0,1943.0,3586.285714285714,947.705248532073
2026-03-09,Sodertalje,3939,0,3,0,2058.0,4179.0,4154.0,3603.285714285714,913.6880784829718
2026-03-10,Sodertalje,3534,1,3,0,3939.0,4019.0,3707.0,3569.0,892.7470713104208
2026-03-11,Sodertalje,3618,2,3,0,3534.0,4371.0,3657.0,3499.714285714286,870.5463254542545
2026-03-12,Sodertalje,3376,3,3,0,3618.0,4026.0,3293.0,3392.1428571428573,787.5020483722416
2026-03-13,Sodertalje,3469,4,3,0,3376.0,4042.0,3959.0,3299.285714285714,737.0080764563608
2026-03-14,Sodertalje,2433,5,3,1,3469.0,2528.0,2410.0,3217.4285714285716,669.4972883049036
2026-03-15,Sodertalje,2006,6,3,1,2433.0,2058.0,1939.0,3203.8571428571427,686.5477474464609
2026-03-16,Sodertalje,3360,0,3,0,2006.0,3939.0,4179.0,3196.4285714285716,701.1388015561677
2026-03-17,Sodertalje,3686,1,3,0,3360.0,3534.0,4019.0,3113.714285714286,629.4210870013053
2026-03-18,Sodertalje,3854,2,3,0,3686.0,3618.0,4371.0,3135.4285714285716,648.6647457515727
2026-03-19,Sodertalje,3824,3,3,0,3854.0,3376.0,4026.0,3169.1428571428573,683.1433301466169
2026-03-20,Sodertalje,4132,4,3,0,3824.0,3469.0,4042.0,3233.1428571428573,725.4291669008604
2026-03-21,Sodertalje,2422,5,3,1,4132.0,2433.0,2528.0,3327.8571428571427,800.7293401583811
2026-03-22,Sodertalje,1914,6,3,1,2422.0,2006.0,2058.0,3326.285714285714,802.7863381759215
2026-03-23,Sodertalje,3739,0,3,0,1914.0,3360.0,3939.0,3313.1428571428573,828.350052528404
2026-03-24,Sodertalje,4048,1,3,0,3739.0,3686.0,3534.0,3367.285714285714,844.1584989968245
2026-03-25,Sodertalje,3958,2,3,0,4048.0,3854.0,3618.0,3419.0,877.3724028788081
2026-03-26,Sodertalje,4168,3,3,0,3958.0,3824.0,3376.0,3433.8571428571427,886.7961863869716
2026-03-27,Sodertalje,4463,4,3,0,4168.0,4132.0,3469.0,3483.0,920.8957595732539
2026-03-28,Sodertalje,2567,5,3,1,4463.0,2422.0,2433.0,3530.285714285714,967.1126639445403
2026-03-29,Sodertalje,1982,6,3,1,2567.0,1914.0,2006.0,3551.0,940.6079594248254
2026-03-30,Sodertalje,4190,0,3,0,1982.0,3739.0,3360.0,3560.714285714286,921.0312543169052
2026-03-31,Sodertalje,4210,1,3,0,4190.0,4048.0,3686.0,3625.1428571428573,950.8723062836268
2026-04-01,Sodertalje,4023,2,4,0,4210.0,3958.0,3854.0,3648.285714285714,964.7494863582835
2026-04-02,Sodertalje,4870,3,4,0,4023.0,4168.0,3824.0,3657.5714285714284,968.5327144952923
2026-04-03,Sodertalje,4349,4,4,0,4870.0,4463.0,4132.0,3757.8571428571427,1062.0247060169913
2026-04-04,Sodertalje,2543,5,4,1,4349.0,2567.0,2422.0,3741.5714285714284,1050.2178912243019
2026-04-05,Sodertalje,2084,6,4,1,2543.0,1982.0,1914.0,3738.1428571428573,1054.7210418828654
2026-04-06,Sodertalje,4343,0,4,0,2084.0,4190.0,3739.0,3752.714285714286,1026.7491927252272
2026-04-07,Sodertalje,3954,1,4,0,4343.0,4210.0,4048.0,3774.5714285714284,1039.1629415292
2026-04-08,Sodertalje,3954,2,4,0,3954.0,4023.0,3958.0,3738.0,1025.7023609865262
2026-04-09,Sodertalje,3853,3,4,0,3954.0,4870.0,4168.0,3728.1428571428573,1022.8345302102765
2026-04-10,Sodertalje,3703,4,4,0,3853.0,4349.0,4463.0,3582.8571428571427,898.2519001875125
2026-04-11,Sodertalje,2395,5,4,1,3703.0,2543.0,2567.0,3490.5714285714284,837.5541489246849
2026-04-12,Sodertalje,2259,6,4,1,2395.0,2084.0,1982.0,3469.4285714285716,866.8177157747489
2026-04-13,Sodertalje,3691,0,4,0,2259.0,4343.0,4190.0,3494.4285714285716,821.5420170108688
2026-04-14,Sodertalje,3298,1,4,0,3691.0,3954.0,4210.0,3401.285714285714,742.4537503633289
2026-04-15,Sodertalje,3249,2,4,0,3298.0,3954.0,4023.0,3307.5714285714284,701.3230014629162
2026-04-16,Sodertalje,3683,3,4,0,3249.0,3853.0,4870.0,3206.8571428571427,641.0513314265957
2026-04-17,Sodertalje,3973,4,4,0,3683.0,3703.0,4349.0,3182.5714285714284,615.1915303770205
2026-04-18,Sodertalje,2456,5,4,1,3973.0,2395.0,2543.0,3221.1428571428573,660.0859612129905
2026-04-19,Sodertalje,2258,6,4,1,2456.0,2259.0,2084.0,3229.8571428571427,647.6471334946299
2026-04-20,Sodertalje,3358,0,4,0,2258.0,3691.0,4343.0,3229.714285714286,647.8970376754108
2026-04-21,Sodertalje,4145,1,4,0,3358.0,3298.0,3954.0,3182.1428571428573,620.0073732280482
2026-04-22,Sodertalje,4366,2,4,0,4145.0,3249.0,3954.0,3303.1428571428573,720.837343781853
2026-04-23,Sodertalje,3599,3,4,0,4366.0,3683.0,3853.0,3462.714285714286,823.2184226732127
2026-04-24,Sodertalje,4130,4,4,0,3599.0,3973.0,3703.0,3450.714285714286,820.0783934652663
2026-04-25,Sodertalje,2520,5,4,1,4130.0,2456.0,2395.0,3473.1428571428573,838.679205372239
2026-04-26,Sodertalje,2096,6,4,1,2520.0,2258.0,2259.0,3482.285714285714,825.9957050505199
2026-04-27,Sodertalje,4329,0,4,0,2096.0,3358.0,3691.0,3459.1428571428573,867.2539859755486
2026-04-28,Sodertalje,4734,1,4,0,4329.0,4145.0,3298.0,3597.8571428571427,924.1669092704394
2026-04-29,Sodertalje,4704,2,4,0,4734.0,4366.0,3249.0,3682.0,1005.5182743242414
2026-04-30,Sodertalje,4002,3,4,0,4704.0,3599.0,3683.0,3730.285714285714,1050.9289088366404
2026-05-01,Sodertalje,5186,4,5,0,4002.0,4130.0,3973.0,3787.8571428571427,1053.5733527020366
2026-05-02,Sodertalje,2840,5,5,1,5186.0,2520.0,2456.0,3938.714285714286,1178.879229647905
2026-05-03,Sodertalje,2639,6,5,1,2840.0,2096.0,2258.0,3984.4285714285716,1119.3995201509983
2026-05-04,Sodertalje,4564,0,5,0,2639.0,4329.0,3358.0,4062.0,976.4071896498916
2026-05-05,Sodertalje,4445,1,5,0,4564.0,4734.0,4145.0,4095.5714285714284,991.0475698543866
2026-05-06,Sodertalje,4321,2,5,0,4445.0,4704.0,4366.0,4054.285714285714,965.7147118905791
2026-05-07,Sodertalje,5009,3,5,0,4321.0,4002.0,3599.0,3999.5714285714284,933.0667816655025
2026-05-08,Sodertalje,4618,4,5,0,5009.0,5186.0,4130.0,4143.428571428572,1008.1135612523778
2026-05-09,Sodertalje,2547,5,5,1,4618.0,2840.0,2520.0,4062.285714285714,930.0476178285556
2026-05-10,Sodertalje,2363,6,5,1,2547.0,2639.0,2096.0,4020.4285714285716,998.3132202441703
2026-05-11,Sodertalje,4209,0,5,0,2363.0,4564.0,4329.0,3981.0,1065.1774500053968
2026-05-12,Sodertalje,4003,1,5,0,4209.0,4445.0,4734.0,3930.285714285714,1040.9698545564313
2026-05-13,Sodertalje,4235,2,5,0,4003.0,4321.0,4704.0,3867.1428571428573,1017.6899378120082
2026-05-14,Sodertalje,3908,3,5,0,4235.0,5009.0,4002.0,3854.8571428571427,1011.7997872720715
2026-05-15,Sodertalje,4269,4,5,0,3908.0,4618.0,5186.0,3697.5714285714284,879.3974939587627
2026-05-16,Sodertalje,2607,5,5,1,4269.0,2547.0,2840.0,3647.714285714286,826.8395076606894
2026-05-17,Sodertalje,2231,6,5,1,2607.0,2363.0,2639.0,3656.285714285714,813.7343371325627
2026-05-18,Sodertalje,4443,0,5,0,2231.0,4209.0,4564.0,3637.4285714285716,849.445281177243
2026-05-19,Sodertalje,3633,1,5,0,4443.0,4003.0,4445.0,3670.8571428571427,879.7511823562062
2026-05-20,Sodertalje,4285,2,5,0,3633.0,4235.0,4321.0,3618.0,867.4992795386057
2026-05-21,Sodertalje,3783,3,5,0,4285.0,3908.0,5009.0,3625.1428571428573,873.6105975722113
2026-05-22,Sodertalje,3966,4,5,0,3783.0,4269.0,4618.0,3607.285714285714,868.125512101738
2026-05-23,Sodertalje,2758,5,5,1,3966.0,2607.0,2547.0,3564.0,836.6148058296204
2026-05-24,Sodertalje,2346,6,5,1,2758.0,2231.0,2363.0,3585.5714285714284,809.3284988480383
2026-05-25,Sodertalje,4408,0,5,0,2346.0,4443.0,4209.0,3602.0,777.8024599258265
2026-05-26,Sodertalje,4778,1,5,0,4408.0,3633.0,4003.0,3597.0,771.5827888178949
2026-05-27,Sodertalje,3977,2,5,0,4778.0,4285.0,4235.0,3760.5714285714284,892.3952519563767
2026-05-28,Sodertalje,4210,3,5,0,3977.0,3783.0,3908.0,3716.5714285714284,869.5285805429008
2026-05-29,Sodertalje,4480,4,5,0,4210.0,3966.0,4269.0,3777.5714285714284,889.7089144101859
2026-05-30,Sodertalje,2894,5,5,1,4480.0,2758.0,2607.0,3851.0,928.2285997174038
2026-05-31,Sodertalje,2466,6,5,1,2894.0,2346.0,2231.0,3870.4285714285716,902.6080465596817
2026-06-01,Sodertalje,4325,0,6,0,2466.0,4408.0,4443.0,3887.5714285714284,869.3568230101401
2026-06-02,Sodertalje,4702,1,6,0,4325.0,4778.0,3633.0,3875.714285714286,861.6071638292611
2026-06-03,Sodertalje,4311,2,6,0,4702.0,3977.0,4285.0,3864.8571428571427,848.7250101517814
2026-06-04,Sodertalje,3628,3,6,0,4311.0,4210.0,3783.0,3912.5714285714284,865.3068544631728
2026-06-05,Sodertalje,3842,4,6,0,3628.0,4480.0,3966.0,3829.4285714285716,859.909269854065
2026-06-06,Sodertalje,2735,5,6,1,3842.0,2894.0,2758.0,3738.285714285714,811.9348730626351
2026-06-07,Sodertalje,2224,6,6,1,2735.0,2466.0,2346.0,3715.5714285714284,841.1878222971085
2026-06-08,Sodertalje,4369,0,6,0,2224.0,4325.0,4408.0,3681.0,903.7488589204413
2026-06-09,Sodertalje,4205,1,6,0,4369.0,4702.0,4778.0,3687.285714285714,909.1116019289955
2026-06-10,Sodertalje,4097,2,6,0,4205.0,4311.0,3977.0,3616.285714285714,832.8664787518894
2026-06-11,Sodertalje,4196,3,6,0,4097.0,3628.0,4210.0,3585.714285714286,806.6303809233642
2026-06-12,Sodertalje,3880,4,6,0,4196.0,3842.0,4480.0,3666.8571428571427,839.4925905115597
2026-06-13,Sodertalje,2391,5,6,1,3880.0,2735.0,2894.0,3672.285714285714,840.9355334557881
2026-06-14,Sodertalje,2004,6,6,1,2391.0,2224.0,2466.0,3623.1428571428573,911.8953574051919
2026-06-15,Sodertalje,4364,0,6,0,2004.0,4369.0,4325.0,3591.714285714286,970.0882630437492
2026-06-16,Sodertalje,4512,1,6,0,4364.0,4205.0,4702.0,3591.0,969.4221646596149
2026-06-17,Sodertalje,3908,2,6,0,4512.0,4097.0,4311.0,3634.8571428571427,1008.0060232246346
2026-06-18,Sodertalje,4179,3,6,0,3908.0,4196.0,3628.0,3607.8571428571427,996.024167807761
2026-06-19,Sodertalje,3810,4,6,0,4179.0,3880.0,3842.0,3605.4285714285716,994.3704636842443
2026-06-20,Sodertalje,2555,5,6,1,3810.0,2391.0,2735.0,3595.4285714285716,991.4968241910573
2026-06-21,Sodertalje,2197,6,6,1,2555.0,2004.0,2224.0,3618.8571428571427,959.7219091263587
2026-06-22,Sodertalje,4416,0,6,0,2197.0,4364.0,4369.0,3646.4285714285716,906.916912244052
2026-06-23,Sodertalje,4452,1,6,0,4416.0,4512.0,4205.0,3653.8571428571427,913.9597782126278
2026-06-24,Sodertalje,4233,2,6,0,4452.0,3908.0,4097.0,3645.285714285714,904.806003937808
2026-06-25,Sodertalje,4601,3,6,0,4233.0,4179.0,4196.0,3691.714285714286,928.5601244733183
2026-06-26,Sodertalje,4418,4,6,0,4601.0,3810.0,3880.0,3752.0,977.8595672862913
2026-06-27,Sodertalje,2719,5,6,1,4418.0,2555.0,2391.0,3838.8571428571427,1010.3331840819355
2026-06-28,Sodertalje,2502,6,6,1,2719.0,2197.0,2004.0,3862.285714285714,976.9499670378403
2026-06-29,Sodertalje,4255,0,6,0,2502.0,4416.0,4364.0,3905.8571428571427,893.5415357947695
2026-06-30,Sodertalje,4729,1,6,0,4255.0,4452.0,4512.0,3882.8571428571427,880.1941885310359
2026-07-01,Sodertalje,3937,2,7,0,4729.0,4233.0,3908.0,3922.4285714285716,915.5620964090592
2026-07-02,Sodertalje,3782,3,7,0,3937.0,4601.0,4179.0,3880.1428571428573,905.608898029649
2026-07-03,Sodertalje,4532,4,7,0,3782.0,4418.0,3810.0,3763.1428571428573,848.030940585587
2026-07-04,Sodertalje,2403,5,7,1,4532.0,2719.0,2555.0,3779.4285714285716,863.6536453044232
2026-07-05,Sodertalje,2375,6,7,1,2403.0,2502.0,2197.0,3734.285714285714,933.7351006014701
2026-07-06,Sodertalje,3979,0,7,0,2375.0,4255.0,4416.0,3716.1428571428573,962.4615020130116
2026-07-07,Sodertalje,3522,1,7,0,3979.0,4729.0,4452.0,3676.714285714286,942.1462579815147
2026-07-08,Sodertalje,3715,2,7,0,3522.0,3937.0,4233.0,3504.285714285714,819.9946573577405
2026-07-09,Sodertalje,3326,3,7,0,3715.0,3782.0,4601.0,3472.5714285714284,804.6185135708429
2026-07-10,Sodertalje,3631,4,7,0,3326.0,4532.0,4418.0,3407.4285714285716,793.7776466876305
2026-07-11,Sodertalje,2430,5,7,1,3631.0,2403.0,2719.0,3278.714285714286,638.9900140810017
2026-07-12,Sodertalje,2037,6,7,1,2430.0,2375.0,2502.0,3282.5714285714284,632.8751475456697
2026-07-13,Sodertalje,3680,0,7,0,2037.0,3979.0,4255.0,3234.285714285714,720.4891195768139
2026-07-14,Sodertalje,3973,1,7,0,3680.0,3522.0,4729.0,3191.5714285714284,676.5005191283695
2026-07-15,Sodertalje,3884,2,7,0,3973.0,3715.0,3937.0,3256.0,732.3828689057846
2026-07-16,Sodertalje,3899,3,7,0,3884.0,3326.0,3782.0,3280.1428571428573,752.5435598846158
2026-07-17,Sodertalje,3971,4,7,0,3899.0,3631.0,4532.0,3362.0,788.660045055325
2026-07-18,Sodertalje,2625,5,7,1,3971.0,2430.0,2403.0,3410.5714285714284,817.9154106920956
2026-07-19,Sodertalje,1750,6,7,1,2625.0,2037.0,2375.0,3438.4285714285716,781.4605678136418
2026-07-20,Sodertalje,3917,0,7,0,1750.0,3680.0,3979.0,3397.4285714285716,869.7802130697269
2026-07-21,Sodertalje,3676,1,7,0,3917.0,3973.0,3522.0,3431.285714285714,887.0540596614759
2026-07-22,Sodertalje,3850,2,7,0,3676.0,3884.0,3715.0,3388.8571428571427,863.6182467910672
2026-07-23,Sodertalje,3638,3,7,0,3850.0,3899.0,3326.0,3384.0,860.459179740678
2026-07-24,Sodertalje,4063,4,7,0,3638.0,3971.0,3631.0,3346.714285714286,839.8312755718091
2026-07-25,Sodertalje,2913,5,7,1,4063.0,2625.0,2430.0,3359.8571428571427,851.8629444872436
2026-07-26,Sodertalje,2135,6,7,1,2913.0,1750.0,2037.0,3401.0,816.6843535499709
2026-07-27,Sodertalje,4397,0,7,0,2135.0,3917.0,3680.0,3456.0,690.1231774111056
2026-07-28,Sodertalje,4076,1,7,0,4397.0,3676.0,3973.0,3524.5714285714284,763.5078818940157
2026-07-29,Sodertalje,4025,2,7,0,4076.0,3850.0,3884.0,3581.714285714286,791.196501990438
2026-07-30,Sodertalje,3931,3,7,0,4025.0,3638.0,3899.0,3606.714285714286,803.7517681236573
2026-07-31,Sodertalje,4341,4,7,0,3931.0,4063.0,3971.0,3648.5714285714284,813.2260565473905
2026-08-01,Sodertalje,3063,5,8,1,4341.0,2913.0,2625.0,3688.285714285714,843.0782316973351
2026-08-02,Sodertalje,2616,6,8,1,3063.0,2135.0,1750.0,3709.714285714286,821.7243484051726
2026-08-03,Sodertalje,4677,0,8,0,2616.0,4397.0,3917.0,3778.4285714285716,675.1320505755052
2026-08-04,Sodertalje,4564,1,8,0,4677.0,4076.0,3676.0,3818.4285714285716,724.3870643845181
2026-08-05,Sodertalje,3852,2,8,0,4564.0,4025.0,3850.0,3888.1428571428573,775.0196618089616
2026-08-06,Sodertalje,4049,3,8,0,3852.0,3931.0,3638.0,3863.4285714285716,772.6829572217531
2026-08-07,Sodertalje,4619,4,8,0,4049.0,4341.0,4063.0,3880.285714285714,775.684152707728
2026-08-08,Sodertalje,2827,5,8,1,4619.0,3063.0,2913.0,3920.0,809.5797263601248
2026-08-09,Sodertalje,2237,6,8,1,2827.0,2616.0,2135.0,3886.285714285714,854.8644559783961
2026-08-10,Sodertalje,4574,0,8,0,2237.0,4677.0,4397.0,3832.1428571428573,954.8784265673879
2026-08-11,Sodertalje,4284,1,8,0,4574.0,4564.0,4076.0,3817.4285714285716,940.3731275656594
2026-08-12,Sodertalje,4321,2,8,0,4284.0,3852.0,4025.0,3777.4285714285716,908.747280077151
2026-08-13,Sodertalje,3992,3,8,0,4321.0,4049.0,3931.0,3844.4285714285716,932.1494617536505
2026-08-14,Sodertalje,4106,4,8,0,3992.0,4619.0,4341.0,3836.285714285714,930.3117245106104
2026-08-15,Sodertalje,2687,5,8,1,4106.0,2827.0,3063.0,3763.0,877.0583408949112
2026-08-16,Sodertalje,1750,6,8,1,2687.0,2237.0,2616.0,3743.0,903.1673894319559
2026-08-17,Sodertalje,4482,0,8,0,1750.0,4574.0,4677.0,3673.4285714285716,1045.9763950719062
2026-08-18,Sodertalje,3170,1,8,0,4482.0,4284.0,4564.0,3660.285714285714,1033.2754899324957
2026-08-19,Sodertalje,3650,2,8,0,3170.0,4321.0,3852.0,3501.1428571428573,1006.6466491229567
2026-08-20,Sodertalje,4251,3,8,0,3650.0,3992.0,4049.0,3405.285714285714,945.6653238656398
2026-08-21,Sodertalje,4625,4,8,0,4251.0,4106.0,4619.0,3442.285714285714,976.9948335390036
2026-08-22,Sodertalje,2579,5,8,1,4625.0,2687.0,2827.0,3516.4285714285716,1052.531053721276
2026-08-23,Sodertalje,2245,6,8,1,2579.0,1750.0,2237.0,3501.0,1067.402142275035
2026-08-24,Sodertalje,5138,0,8,0,2245.0,4482.0,4574.0,3571.714285714286,940.9760383569316
2026-08-25,Sodertalje,4408,1,8,0,5138.0,3170.0,4284.0,3665.4285714285716,1070.4959687208634
2026-08-26,Sodertalje,5122,2,8,0,4408.0,3650.0,4321.0,3842.285714285714,1077.2483022784977
2026-08-27,Sodertalje,4361,3,8,0,5122.0,4251.0,3992.0,4052.5714285714284,1172.8837477407073
2026-08-28,Sodertalje,6129,4,8,0,4361.0,4625.0,4106.0,4068.285714285714,1176.7160113759703
2026-01-01,Stockholm,7545,3,1,0,,,,,
2026-01-02,Stockholm,7439,4,1,0,7545.0,,,,
2026-01-03,Stockholm,5297,5,1,1,7439.0,,,,
2026-01-04,Stockholm,4514,6,1,1,5297.0,,,,
2026-01-05,Stockholm,7251,0,1,0,4514.0,,,,
2026-01-06,Stockholm,7423,1,1,0,7251.0,,,,
2026-01-07,Stockholm,7990,2,1,0,7423.0,,,,
2026-01-08,Stockholm,7625,3,1,0,7990.0,7545.0,,6779.857142857143,1319.9078791808956
2026-01-09,Stockholm,8372,4,1,0,7625.0,7439.0,,6791.285714285715,1327.9589243504126
2026-01-10,Stockholm,4886,5,1,1,8372.0,5297.0,,6924.571428571428,1445.430599872446
2026-01-11,Stockholm,4582,6,1,1,4886.0,4514.0,,6865.857142857143,1528.5216636313912
2026-01-12,Stockholm,8905,0,1,0,4582.0,7251.0,,6875.571428571428,1511.201603266184
2026-01-13,Stockholm,8141,1,1,0,8905.0,7423.0,,7111.857142857143,1697.507921294373
2026-01-14,Stockholm,8369,2,1,0,8141.0,7990.0,,7214.428571428572,1740.587913813688
2026-01-15,Stockholm,7795,3,1,0,8369.0,7625.0,7545.0,7268.571428571428,1774.3018211062495
2026-01-16,Stockholm,7547,4,1,0,7795.0,8372.0,7439.0,7292.857142857143,1781.1437737749145
2026-01-17,Stockholm,5063,5,1,1,7547.0,4886.0,5297.0,7175.0,1724.2218534747785
2026-01-18,Stockholm,3802,6,1,1,5063.0,4582.0,4514.0,7200.285714285715,1685.9316627397957
2026-01-19,Stockholm,8435,0,1,0,3802.0,8905.0,7251.0,7088.857142857143,1900.0089849411615
2026-01-20,Stockholm,7595,1,1,0,8435.0,8141.0,7423.0,7021.714285714285,1832.2287624898913
2026-01-21,Stockholm,7219,2,1,0,7595.0,8369.0,7990.0,6943.714285714285,1787.7192839188256
2026-01-22,Stockholm,6813,3,1,0,7219.0,7795.0,7625.0,6779.428571428572,1684.7876084878726
2026-01-23,Stockholm,8329,4,1,0,6813.0,7547.0,8372.0,6639.142857142857,1625.9887687774708
2026-01-24,Stockholm,4714,5,1,1,8329.0,5063.0,4886.0,6750.857142857143,1722.7443637571832
2026-01-25,Stockholm,3864,6,1,1,4714.0,3802.0,4582.0,6701.0,1783.7046653897983
2026-01-26,Stockholm,7682,0,1,0,3864.0,8435.0,8905.0,6709.857142857143,1766.985797770828
2026-01-27,Stockholm,7950,1,1,0,7682.0,7595.0,8141.0,6602.285714285715,1664.4005641957822
2026-01-28,Stockholm,7651,2,1,0,7950.0,7219.0,8369.0,6653.0,1704.6125659515712
2026-01-29,Stockholm,7613,3,1,0,7651.0,6813.0,7795.0,6714.714285714285,1736.0497030409501
2026-01-30,Stockholm,8276,4,1,0,7613.0,8329.0,7547.0,6829.0,1769.6063592411354
2026-01-31,Stockholm,5799,5,1,1,8276.0,4714.0,5063.0,6821.428571428572,1762.2167722448198
2026-02-01,Stockholm,4220,6,2,1,5799.0,3864.0,3802.0,6976.428571428572,1584.7385543723876
2026-02-02,Stockholm,8324,0,2,0,4220.0,7682.0,8435.0,7027.285714285715,1469.7482453678601
2026-02-03,Stockholm,7942,1,2,0,8324.0,7950.0,7595.0,7119.0,1535.9522562024292
2026-02-04,Stockholm,8547,2,2,0,7942.0,7651.0,7219.0,7117.857142857143,1535.233687811232
2026-02-05,Stockholm,8739,3,2,0,8547.0,7613.0,6813.0,7245.857142857143,1621.99336502665
2026-02-06,Stockholm,8671,4,2,0,8739.0,8276.0,8329.0,7406.714285714285,1717.4948533921638
2026-02-07,Stockholm,5121,5,2,1,8671.0,5799.0,4714.0,7463.142857142857,1756.853383047034
2026-02-08,Stockholm,4276,6,2,1,5121.0,4220.0,3864.0,7366.285714285715,1878.3767561634797
2026-02-09,Stockholm,9318,0,2,0,4276.0,8324.0,7682.0,7374.285714285715,1862.7980490188866
2026-02-10,Stockholm,9029,1,2,0,9318.0,7942.0,7950.0,7516.285714285715,1981.372395948972
2026-02-11,Stockholm,8552,2,2,0,9029.0,8547.0,7651.0,7671.571428571428,2061.2817903061236
2026-02-12,Stockholm,7660,3,2,0,8552.0,8739.0,7613.0,7672.285714285715,2061.636543645663
2026-02-13,Stockholm,10265,4,2,0,7660.0,8671.0,8276.0,7518.142857142857,2008.234002680915
2026-02-14,Stockholm,5309,5,2,1,10265.0,5121.0,5799.0,7745.857142857143,2237.9749349632602
2026-02-15,Stockholm,4413,6,2,1,5309.0,4276.0,4220.0,7772.714285714285,2202.064918380451
2026-02-16,Stockholm,8982,0,2,0,4413.0,9318.0,8324.0,7792.285714285715,2166.1227815527686
2026-02-17,Stockholm,8229,1,2,0,8982.0,9029.0,7942.0,7744.285714285715,2130.1023226037532
2026-02-18,Stockholm,8120,2,2,0,8229.0,8552.0,8547.0,7630.0,2070.3077065982243
2026-02-19,Stockholm,7592,3,2,0,8120.0,7660.0,8739.0,7568.285714285715,2044.5211105362964
2026-02-20,Stockholm,8233,4,2,0,7592.0,10265.0,8671.0,7558.571428571428,2044.174230762702
2026-02-21,Stockholm,5211,5,2,1,8233.0,5309.0,5121.0,7268.285714285715,1713.287649937561
2026-02-22,Stockholm,3729,6,2,1,5211.0,4413.0,4276.0,7254.285714285715,1732.2615001095833
2026-02-23,Stockholm,7990,0,2,0,3729.0,8982.0,9318.0,7156.571428571428,1927.532002081319
2026-02-24,Stockholm,7659,1,2,0,7990.0,8229.0,9029.0,7014.857142857143,1803.4277943748702
2026-02-25,Stockholm,7338,2,2,0,7659.0,8120.0,8552.0,6933.428571428572,1751.593261114278
2026-02-26,Stockholm,7450,3,2,0,7338.0,7592.0,7660.0,6821.714285714285,1687.0506526959714
2026-02-27,Stockholm,9093,4,2,0,7450.0,8233.0,10265.0,6801.428571428572,1677.0689567558884
2026-02-28,Stockholm,4848,5,2,1,9093.0,5211.0,5309.0,6924.285714285715,1824.4454604331795
2026-03-01,Stockholm,4945,6,3,1,4848.0,3729.0,4413.0,6872.428571428572,1885.399944940317
2026-03-02,Stockholm,8125,0,3,0,4945.0,7990.0,8982.0,7046.142857142857,1578.5541304805297
2026-03-03,Stockholm,8787,1,3,0,8125.0,7659.0,8229.0,7065.428571428572,1592.7681205104163
2026-03-04,Stockholm,8874,2,3,0,8787.0,7338.0,8120.0,7226.571428571428,1715.1857875210733
2026-03-05,Stockholm,9054,3,3,0,8874.0,7450.0,7592.0,7446.0,1826.4599639740254
2026-03-06,Stockholm,9888,4,3,0,9054.0,9093.0,8233.0,7675.142857142857,1925.0038466257174
2026-03-07,Stockholm,6213,5,3,1,9888.0,4848.0,5211.0,7788.714285714285,2042.4645010612148
2026-03-08,Stockholm,4808,6,3,1,6213.0,4945.0,3729.0,7983.714285714285,1760.6280805710321
2026-03-09,Stockholm,9406,0,3,0,4808.0,8125.0,7990.0,7964.142857142857,1800.3500982282515
2026-03-10,Stockholm,9962,1,3,0,9406.0,8787.0,7659.0,8147.142857142857,1882.6495893262972
2026-03-11,Stockholm,8935,2,3,0,9962.0,8874.0,7338.0,8315.0,1998.0521347886126
2026-03-12,Stockholm,8071,3,3,0,8935.0,9054.0,7450.0,8323.714285714286,2001.0272956897008
2026-03-13,Stockholm,8718,4,3,0,8071.0,9888.0,9093.0,8183.285714285715,1975.5660551080637
2026-03-14,Stockholm,5462,5,3,1,8718.0,6213.0,4848.0,8016.142857142857,1852.9921234381457
2026-03-15,Stockholm,4994,6,3,1,5462.0,4808.0,4945.0,7908.857142857143,1991.3658987883523
2026-03-16,Stockholm,9499,0,3,0,4994.0,9406.0,8125.0,7935.428571428572,1943.7662631382111
2026-03-17,Stockholm,9435,1,3,0,9499.0,9962.0,8787.0,7948.714285714285,1955.7736503564443
2026-03-18,Stockholm,8343,2,3,0,9435.0,8935.0,8874.0,7873.428571428572,1873.7819916897888
2026-03-19,Stockholm,8459,3,3,0,8343.0,8071.0,9054.0,7788.857142857143,1830.748975016457
2026-03-20,Stockholm,9299,4,3,0,8459.0,8718.0,9888.0,7844.285714285715,1846.5206663962822
2026-03-21,Stockholm,5371,5,3,1,9299.0,5462.0,6213.0,7927.285714285715,1904.4870450496387
2026-03-22,Stockholm,4694,6,3,1,5371.0,4994.0,4808.0,7914.285714285715,1924.3269571710616
2026-03-23,Stockholm,8500,0,3,0,4694.0,9499.0,9406.0,7871.428571428572,2001.9790089761057
2026-03-24,Stockholm,8379,1,3,0,8500.0,9435.0,9962.0,7728.714285714285,1899.6079169384493
2026-03-25,Stockholm,8081,2,3,0,8379.0,8343.0,8935.0,7577.857142857143,1779.6636787673688
2026-03-26,Stockholm,7492,3,3,0,8081.0,8459.0,8071.0,7540.428571428572,1763.5721190378392
2026-03-27,Stockholm,9129,4,3,0,7492.0,9299.0,8718.0,7402.285714285715,1716.8822240994184
2026-03-28,Stockholm,5337,5,3,1,9129.0,5371.0,5462.0,7378.0,1686.5149470629249
2026-03-29,Stockholm,4643,6,3,1,5337.0,4694.0,4994.0,7373.142857142857,1693.2937753159679
2026-03-30,Stockholm,9526,0,3,0,4643.0,8500.0,9499.0,7365.857142857143,1706.7984091637195
2026-03-31,Stockholm,9282,1,3,0,9526.0,8379.0,9435.0,7512.428571428572,1857.7997611101546
2026-04-01,Stockholm,9379,2,4,0,9282.0,8081.0,8343.0,7641.428571428572,1956.717903117603
2026-04-02,Stockholm,10426,3,4,0,9379.0,7492.0,8459.0,7826.857142857143,2063.8844790484623
2026-04-03,Stockholm,9371,4,4,0,10426.0,9129.0,9299.0,8246.0,2271.9801935756404
2026-04-04,Stockholm,6018,5,4,1,9371.0,5337.0,5371.0,8280.57142857143,2289.4298312857195
2026-04-05,Stockholm,4484,6,4,1,6018.0,4643.0,4694.0,8377.857142857143,2153.961422478085
2026-04-06,Stockholm,9048,0,4,0,4484.0,9526.0,8500.0,8355.142857142857,2200.251987733181
2026-04-07,Stockholm,8868,1,4,0,9048.0,9282.0,8379.0,8286.857142857143,2164.9925656971236
2026-04-08,Stockholm,8797,2,4,0,8868.0,9379.0,8081.0,8227.714285714286,2138.7726008379764
2026-04-09,Stockholm,9552,3,4,0,8797.0,10426.0,7492.0,8144.571428571428,2097.471800139624
2026-04-10,Stockholm,9335,4,4,0,9552.0,9371.0,9129.0,8019.714285714285,1960.5756564748797
2026-04-11,Stockholm,6002,5,4,1,9335.0,6018.0,5337.0,8014.571428571428,1956.4832273872473
2026-04-12,Stockholm,5576,6,4,1,6002.0,4484.0,4643.0,8012.285714285715,1959.211977155247
2026-04-13,Stockholm,9736,0,4,0,5576.0,9048.0,9526.0,8168.285714285715,1650.6264178876377
2026-04-14,Stockholm,10063,1,4,0,9736.0,8868.0,9282.0,8266.57142857143,1730.2993822980338
2026-04-15,Stockholm,8552,2,4,0,10063.0,8797.0,9379.0,8437.285714285714,1854.0519333148623
2026-04-16,Stockholm,8770,3,4,0,8552.0,9552.0,10426.0,8402.285714285714,1848.4336354767815
2026-04-17,Stockholm,8835,4,4,0,8770.0,9335.0,9371.0,8290.57142857143,1790.0768937993391
2026-04-18,Stockholm,5681,5,4,1,8835.0,6002.0,6018.0,8219.142857142857,1751.0048951551066
2026-04-19,Stockholm,5091,6,4,1,5681.0,5576.0,4484.0,8173.285714285715,1821.5302828744227
2026-04-20,Stockholm,8253,0,4,0,5091.0,9736.0,9048.0,8104.0,1942.0274629022806
2026-04-21,Stockholm,9292,1,4,0,8253.0,10063.0,8868.0,7892.142857142857,1810.7740912449046
2026-04-22,Stockholm,8814,2,4,0,9292.0,8552.0,8797.0,7782.0,1675.0858684457542
2026-04-23,Stockholm,8145,3,4,0,8814.0,8770.0,9552.0,7819.428571428572,1697.9298039222997
2026-04-24,Stockholm,8210,4,4,0,8145.0,8835.0,9335.0,7730.142857142857,1655.5160754853682
2026-04-25,Stockholm,5716,5,4,1,8210.0,5681.0,6002.0,7640.857142857143,1601.9857915070518
2026-04-26,Stockholm,4587,6,4,1,5716.0,5091.0,5576.0,7645.857142857143,1594.8882331343705
2026-04-27,Stockholm,9590,0,4,0,4587.0,8253.0,9736.0,7573.857142857143,1734.6966524987802
2026-04-28,Stockholm,9211,1,4,0,9590.0,9292.0,10063.0,7764.857142857143,1888.7061204760812
2026-04-29,Stockholm,9968,2,4,0,9211.0,8814.0,8552.0,7753.285714285715,1878.0083168333513
2026-04-30,Stockholm,8747,3,4,0,9968.0,8145.0,8770.0,7918.142857142857,2031.054359076539
2026-05-01,Stockholm,9329,4,5,0,8747.0,8210.0,8835.0,8004.142857142857,2054.8665348850463
2026-05-02,Stockholm,6386,5,5,1,9329.0,5716.0,5681.0,8164.0,2116.1619345724316
2026-05-03,Stockholm,5393,6,5,1,6386.0,4587.0,5091.0,8259.714285714286,1998.887166590928
2026-05-04,Stockholm,11549,0,5,0,5393.0,9590.0,8253.0,8374.857142857143,1761.1414318155
2026-05-05,Stockholm,10873,1,5,0,11549.0,9211.0,9292.0,8654.714285714286,2107.924944448587
2026-05-06,Stockholm,10227,2,5,0,10873.0,9968.0,8814.0,8892.142857142857,2268.5096744023713
2026-05-07,Stockholm,10852,3,5,0,10227.0,8747.0,8145.0,8929.142857142857,2290.982644235981
2026-05-08,Stockholm,9720,4,5,0,10852.0,9329.0,8210.0,9229.857142857143,2398.708293267543
2026-05-09,Stockholm,6291,5,5,1,9720.0,6386.0,5716.0,9285.714285714286,2405.9433156446667
2026-05-10,Stockholm,5125,6,5,1,6291.0,5393.0,4587.0,9272.142857142857,2425.216858246665
2026-05-11,Stockholm,10449,0,5,0,5125.0,11549.0,9590.0,9233.857142857143,2497.693764827297
2026-05-12,Stockholm,9330,1,5,0,10449.0,10873.0,9211.0,9076.714285714286,2358.483744151862
2026-05-13,Stockholm,10335,2,5,0,9330.0,10227.0,9968.0,8856.285714285714,2231.294968867911
2026-05-14,Stockholm,9487,3,5,0,10335.0,10852.0,8747.0,8871.714285714286,2242.696867188085
2026-05-15,Stockholm,9201,4,5,0,9487.0,9720.0,9329.0,8676.714285714286,2096.3859945380404
2026-05-16,Stockholm,5857,5,5,1,9201.0,6291.0,6386.0,8602.57142857143,2062.238093038959
2026-05-17,Stockholm,5318,6,5,1,5857.0,5125.0,5393.0,8540.57142857143,2148.0552333946853
2026-05-18,Stockholm,10733,0,5,0,5318.0,10449.0,11549.0,8568.142857142857,2097.552735020144
2026-05-19,Stockholm,11069,1,5,0,10733.0,9330.0,10873.0,8608.714285714286,2142.2661454859544
2026-05-20,Stockholm,11200,2,5,0,11069.0,10335.0,10227.0,8857.142857142857,2332.257878006594
2026-05-21,Stockholm,9345,3,5,0,11200.0,9487.0,10852.0,8980.714285714286,2443.855881885956
2026-05-22,Stockholm,9045,4,5,0,9345.0,9201.0,9720.0,8960.42857142857,2439.5384711828106
2026-05-23,Stockholm,5123,5,5,1,9045.0,5857.0,6291.0,8938.142857142857,2437.6863640599504
2026-05-24,Stockholm,5116,6,5,1,5123.0,5318.0,5125.0,8833.285714285714,2602.5243331738357
2026-05-25,Stockholm,9343,0,5,0,5116.0,10733.0,10449.0,8804.42857142857,2648.7087330208587
2026-05-26,Stockholm,9341,1,5,0,9343.0,11069.0,9330.0,8605.857142857143,2529.4467398077036
2026-05-27,Stockholm,8949,2,5,0,9341.0,11200.0,10335.0,8359.0,2325.0590673500483
2026-05-28,Stockholm,9169,3,5,0,8949.0,9345.0,9487.0,8037.428571428572,1999.514929271837
2026-05-29,Stockholm,10795,4,5,0,9169.0,9045.0,9201.0,8012.285714285715,1981.3566660486053
2026-05-30,Stockholm,6372,5,5,1,10795.0,5123.0,5857.0,8262.285714285714,2228.383024697934
2026-05-31,Stockholm,5253,6,5,1,6372.0,5116.0,5318.0,8440.714285714286,1970.1672276134113
2026-06-01,Stockholm,9608,0,6,0,5253.0,9343.0,10733.0,8460.285714285714,1931.945022879425
2026-06-02,Stockholm,8928,1,6,0,9608.0,9341.0,11069.0,8498.142857142857,1954.5886548130327
2026-06-03,Stockholm,9517,2,6,0,8928.0,8949.0,11200.0,8439.142857142857,1930.997275034454
2026-06-04,Stockholm,9716,3,6,0,9517.0,9169.0,9345.0,8520.285714285714,1967.5803849979252
2026-06-05,Stockholm,11850,4,6,0,9716.0,10795.0,9045.0,8598.42857142857,2008.0834027452559
2026-06-06,Stockholm,6637,5,6,1,11850.0,6372.0,5123.0,8749.142857142857,2227.9729523022693
2026-06-07,Stockholm,5874,6,6,1,6637.0,5253.0,5116.0,8787.0,2182.6393808109215
2026-06-08,Stockholm,10438,0,6,0,5874.0,9608.0,9343.0,8875.714285714286,2021.748806873706
2026-06-09,Stockholm,9570,1,6,0,10438.0,8928.0,9341.0,8994.285714285714,2094.8702994287232
2026-06-10,Stockholm,9357,2,6,0,9570.0,9517.0,8949.0,9086.0,2105.511101846774
2026-06-11,Stockholm,9304,3,6,0,9357.0,9716.0,9169.0,9063.142857142857,2100.9158660428297
2026-06-12,Stockholm,12014,4,6,0,9304.0,11850.0,10795.0,9004.285714285714,2085.290764240946
2026-06-13,Stockholm,6067,5,6,1,12014.0,6637.0,6372.0,9027.714285714286,2123.168757171363
2026-06-14,Stockholm,5628,6,6,1,6067.0,5874.0,5253.0,8946.285714285714,2237.9668387687493
2026-06-15,Stockholm,9700,0,6,0,5628.0,10438.0,9608.0,8911.142857142857,2295.445086003401
2026-06-16,Stockholm,10553,1,6,0,9700.0,9570.0,8928.0,8805.714285714286,2229.6339545828114
2026-06-17,Stockholm,9725,2,6,0,10553.0,9357.0,9517.0,8946.142857142857,2315.111187291838
2026-06-18,Stockholm,10758,3,6,0,9725.0,9304.0,9716.0,8998.714285714286,2330.12544113586
2026-06-19,Stockholm,9801,4,6,0,10758.0,12014.0,11850.0,9206.42857142857,2424.7603907151256
2026-06-20,Stockholm,5788,5,6,1,9801.0,6067.0,6637.0,8890.285714285714,2123.2134226439066
2026-06-21,Stockholm,5193,6,6,1,5788.0,5628.0,5874.0,8850.42857142857,2186.7146481379245
2026-06-22,Stockholm,9574,0,6,0,5193.0,9700.0,10438.0,8788.285714285714,2296.955645652578
2026-06-23,Stockholm,8740,1,6,0,9574.0,10553.0,9570.0,8770.285714285714,2289.1005303601787
2026-06-24,Stockholm,8425,2,6,0,8740.0,9725.0,9357.0,8511.285714285714,2152.253370639383
2026-06-25,Stockholm,9241,3,6,0,8425.0,10758.0,9304.0,8325.57142857143,2085.109178367957
2026-06-26,Stockholm,10969,4,6,0,9241.0,9801.0,12014.0,8108.857142857143,1856.458405007723
2026-06-27,Stockholm,6254,5,6,1,10969.0,5788.0,6067.0,8275.714285714286,2073.6765831316566
2026-06-28,Stockholm,5162,6,6,1,6254.0,5193.0,5628.0,8342.285714285714,1986.13491605226
2026-06-29,Stockholm,10556,0,6,0,5162.0,9574.0,9700.0,8337.857142857143,1994.3449575045493
2026-06-30,Stockholm,11034,1,6,0,10556.0,8740.0,10553.0,8478.142857142857,2125.9828651372422
2026-07-01,Stockholm,8837,2,7,0,11034.0,8425.0,9725.0,8805.857142857143,2339.19070254162
2026-07-02,Stockholm,8387,3,7,0,8837.0,9241.0,10758.0,8864.714285714286,2333.186213048997
2026-07-03,Stockholm,10088,4,7,0,8387.0,10969.0,9801.0,8742.714285714286,2332.558660518942
2026-07-04,Stockholm,6036,5,7,1,10088.0,6254.0,5788.0,8616.857142857143,2213.1254241134093
2026-07-05,Stockholm,5444,6,7,1,6036.0,5162.0,5193.0,8585.714285714286,2253.0899312045344
2026-07-06,Stockholm,9838,0,7,0,5444.0,10556.0,9574.0,8626.0,2183.104593615863
2026-07-07,Stockholm,8603,1,7,0,9838.0,11034.0,8740.0,8523.42857142857,2092.2902807802825
2026-07-08,Stockholm,8216,2,7,0,8603.0,8837.0,8425.0,8176.142857142857,1785.3656421558276
2026-07-09,Stockholm,9938,3,7,0,8216.0,8387.0,9241.0,8087.428571428572,1762.3349905870998
2026-07-10,Stockholm,10687,4,7,0,9938.0,10088.0,10969.0,8309.0,1898.515297102804
2026-07-11,Stockholm,5814,5,7,1,10687.0,6036.0,6254.0,8394.57142857143,2002.7043264165666
2026-07-12,Stockholm,4743,6,7,1,5814.0,5444.0,5162.0,8362.857142857143,2047.534975571966
2026-07-13,Stockholm,10479,0,7,0,4743.0,9838.0,10556.0,8262.714285714286,2223.6544781272232
2026-07-14,Stockholm,8396,1,7,0,10479.0,8603.0,11034.0,8354.285714285714,2310.827248287632
2026-07-15,Stockholm,8153,2,7,0,8396.0,8216.0,8837.0,8324.714285714286,2308.4372574164945
2026-07-16,Stockholm,8838,3,7,0,8153.0,9938.0,8387.0,8315.714285714286,2309.054475630358
2026-07-17,Stockholm,8750,4,7,0,8838.0,10687.0,10088.0,8158.571428571428,2215.795933529899
2026-07-18,Stockholm,5535,5,7,1,8750.0,5814.0,6036.0,7881.857142857143,1952.748100205748
2026-07-19,Stockholm,4528,6,7,1,5535.0,4743.0,5444.0,7842.0,2004.15967427748
2026-07-20,Stockholm,9169,0,7,0,4528.0,10479.0,9838.0,7811.285714285715,2060.4258228406543
2026-07-21,Stockholm,9470,1,7,0,9169.0,8396.0,8603.0,7624.142857142857,1823.6254575772473
2026-07-22,Stockholm,8358,2,7,0,9470.0,8153.0,8216.0,7777.571428571428,1940.8031719834364
2026-07-23,Stockholm,8528,3,7,0,8358.0,8838.0,9938.0,7806.857142857143,1948.9419718205631
2026-07-24,Stockholm,7529,4,7,0,8528.0,8750.0,10687.0,7762.571428571428,1924.9810264989544
2026-07-25,Stockholm,5466,5,7,1,7529.0,5535.0,5814.0,7588.142857142857,1875.2721961154932
2026-07-26,Stockholm,4331,6,7,1,5466.0,4528.0,4743.0,7578.285714285715,1888.0011223765873
2026-07-27,Stockholm,8352,0,7,0,4331.0,9169.0,10479.0,7550.142857142857,1941.7503640248124
2026-07-28,Stockholm,8362,1,7,0,8352.0,9470.0,8396.0,7433.428571428572,1850.643478824136
2026-07-29,Stockholm,8487,2,7,0,8362.0,8358.0,8153.0,7275.142857142857,1687.6279634022296
2026-07-30,Stockholm,9181,3,7,0,8487.0,8528.0,8838.0,7293.571428571428,1702.0658875949252
2026-07-31,Stockholm,8500,4,7,0,9181.0,7529.0,8750.0,7386.857142857143,1796.284445605379
2026-08-01,Stockholm,6413,5,8,1,8500.0,5466.0,5535.0,7525.571428571428,1845.8971492784478
2026-08-02,Stockholm,5202,6,8,1,6413.0,4331.0,4528.0,7660.857142857143,1698.6211494985644
2026-08-03,Stockholm,10431,0,8,0,5202.0,8352.0,9169.0,7785.285714285715,1423.700309555556
2026-08-04,Stockholm,11111,1,8,0,10431.0,8362.0,9470.0,8082.285714285715,1742.733075209335
2026-08-05,Stockholm,10445,2,8,0,11111.0,8487.0,8358.0,8475.0,2091.172318740539
2026-08-06,Stockholm,10837,3,8,0,10445.0,9181.0,8528.0,8754.714285714286,2220.0257291516364
2026-08-07,Stockholm,10536,4,8,0,10837.0,8500.0,7529.0,8991.285714285714,2357.0291126957377
2026-08-08,Stockholm,6280,5,8,1,10536.0,6413.0,5466.0,9282.142857142857,2411.2967761885225
2026-08-09,Stockholm,5397,6,8,1,6280.0,5202.0,4331.0,9263.142857142857,2438.0479506202964
2026-08-10,Stockholm,10909,0,8,0,5397.0,10431.0,8352.0,9291.0,2384.436131806991
2026-08-11,Stockholm,10420,1,8,0,10909.0,11111.0,8362.0,9359.285714285714,2428.953733214212
2026-08-12,Stockholm,9103,2,8,0,10420.0,10445.0,8487.0,9260.57142857143,2358.92976136375
2026-08-13,Stockholm,9645,3,8,0,9103.0,10837.0,9181.0,9068.857142857143,2300.4338307205944
2026-08-14,Stockholm,10358,4,8,0,9645.0,10536.0,8500.0,8898.57142857143,2189.1629189519685
2026-08-15,Stockholm,7371,5,8,1,10358.0,6280.0,6413.0,8873.142857142857,2167.9037054699857
2026-08-16,Stockholm,5853,6,8,1,7371.0,5397.0,5202.0,9029.0,1981.6172687983972
2026-08-17,Stockholm,9484,0,8,0,5853.0,10909.0,10431.0,9094.142857142857,1845.1146692975922
2026-08-18,Stockholm,9478,1,8,0,9484.0,10420.0,11111.0,8890.57142857143,1682.997411083661
2026-08-19,Stockholm,8330,2,8,0,9478.0,9103.0,10445.0,8756.0,1574.4859478572741
2026-08-20,Stockholm,8702,3,8,0,8330.0,9645.0,10837.0,8645.57142857143,1573.1995907643034
2026-08-21,Stockholm,9949,4,8,0,8702.0,10358.0,10536.0,8510.857142857143,1512.5603490518415
2026-08-22,Stockholm,6556,5,8,1,9949.0,7371.0,6280.0,8452.42857142857,1435.2382911492332
2026-08-23,Stockholm,4795,6,8,1,6556.0,5853.0,5397.0,8336.0,1564.795939837956
2026-08-24,Stockholm,9531,0,8,0,4795.0,9484.0,10909.0,8184.857142857143,1866.5922986886633
2026-08-25,Stockholm,8258,1,8,0,9531.0,9478.0,10420.0,8191.571428571428,1872.1206208595743
2026-08-26,Stockholm,9352,2,8,0,8258.0,8330.0,9103.0,8017.285714285715,1787.2651094419627
2026-08-27,Stockholm,8683,3,8,0,9352.0,8702.0,9645.0,8163.285714285715,1857.4336878505042
2026-08-28,Stockholm,11572,4,8,0,8683.0,9949.0,10358.0,8160.571428571428,1856.528916835835
2026-01-01,Uppsala,3846,3,1,0,,,,,
2026-01-02,Uppsala,4410,4,1,0,3846.0,,,,
2026-01-03,Uppsala,2433,5,1,1,4410.0,,,,
2026-01-04,Uppsala,2085,6,1,1,2433.0,,,,
2026-01-05,Uppsala,5268,0,1,0,2085.0,,,,
2026-01-06,Uppsala,4034,1,1,0,5268.0,,,,
2026-01-07,Uppsala,3946,2,1,0,4034.0,,,,
2026-01-08,Uppsala,4722,3,1,0,3946.0,3846.0,,3717.4285714285716,1108.113991901383
2026-01-09,Uppsala,5381,4,1,0,4722.0,4410.0,,3842.5714285714284,1172.640021083887
2026-01-10,Uppsala,2531,5,1,1,5381.0,2433.0,,3981.285714285714,1301.3200623835417
2026-01-11,Uppsala,2221,6,1,1,2531.0,2085.0,,3995.285714285714,1282.2747644044825
2026-01-12,Uppsala,4551,0,1,0,2221.0,5268.0,,4014.714285714286,1249.1081770988603
2026-01-13,Uppsala,4768,1,1,0,4551.0,4034.0,,3912.285714285714,1155.0659020572107
2026-01-14,Uppsala,3784,2,1,0,4768.0,3946.0,,4017.1428571428573,1200.384025853314
2026-01-15,Uppsala,3885,3,1,0,3784.0,4722.0,3846.0,3994.0,1203.5417178754822
2026-01-16,Uppsala,4439,4,1,0,3885.0,5381.0,4410.0,3874.4285714285716,1159.949116289569
2026-01-17,Uppsala,2672,5,1,1,4439.0,2531.0,2433.0,3739.8571428571427,999.5923216610906
2026-01-18,Uppsala,2092,6,1,1,2672.0,2221.0,2085.0,3760.0,972.2184253894114
2026-01-19,Uppsala,4169,0,1,0,2092.0,4551.0,5268.0,3741.5714285714284,1006.8579603801879
2026-01-20,Uppsala,3668,1,1,0,4169.0,4768.0,4034.0,3687.0,965.1642347289913
2026-01-21,Uppsala,3853,2,1,0,3668.0,3784.0,3946.0,3529.8571428571427,841.4466567706331
2026-01-22,Uppsala,3786,3,1,0,3853.0,3885.0,4722.0,3539.714285714286,845.3152694479759
2026-01-23,Uppsala,4232,4,1,0,3786.0,4439.0,5381.0,3525.5714285714284,839.3828798871338
2026-01-24,Uppsala,2501,5,1,1,4232.0,2672.0,2531.0,3496.0,804.7722245041342
2026-01-25,Uppsala,2260,6,1,1,2501.0,2092.0,2221.0,3471.5714285714284,835.9447464082889
2026-01-26,Uppsala,4653,0,1,0,2260.0,4169.0,4551.0,3495.5714285714284,790.9359133631614
2026-01-27,Uppsala,4290,1,1,0,4653.0,3668.0,4768.0,3564.714285714286,876.1799119445944
2026-01-28,Uppsala,4243,2,1,0,4290.0,3853.0,3784.0,3653.5714285714284,918.8987715635229
2026-01-29,Uppsala,4126,3,1,0,4243.0,3786.0,3885.0,3709.285714285714,944.4729948999269
2026-01-30,Uppsala,4463,4,1,0,4126.0,4232.0,4439.0,3757.8571428571427,957.725330939831
2026-01-31,Uppsala,2656,5,1,1,4463.0,2501.0,2672.0,3790.8571428571427,980.494675928334
2026-02-01,Uppsala,2457,6,2,1,2656.0,2260.0,2092.0,3813.0,947.7126850123578
2026-02-02,Uppsala,4727,0,2,0,2457.0,4653.0,4169.0,3841.1428571428573,895.3899389970506
2026-02-03,Uppsala,5299,1,2,0,4727.0,4290.0,3668.0,3851.714285714286,906.9350793167267
2026-02-04,Uppsala,4966,2,2,0,5299.0,4243.0,3853.0,3995.8571428571427,1056.1162228611374
2026-02-05,Uppsala,4515,3,2,0,4966.0,4126.0,3786.0,4099.142857142857,1117.863353093962
2026-02-06,Uppsala,4465,4,2,0,4515.0,4463.0,4232.0,4154.714285714285,1129.0342059013258
2026-02-07,Uppsala,2692,5,2,1,4465.0,2656.0,2501.0,4155.0,1129.1254728033252
2026-02-08,Uppsala,2623,6,2,1,2692.0,2457.0,2260.0,4160.142857142857,1121.2142864726954
2026-02-09,Uppsala,4817,0,2,0,2623.0,4727.0,4653.0,4183.857142857143,1080.193258722936
2026-02-10,Uppsala,4686,1,2,0,4817.0,5299.0,4290.0,4196.714285714285,1088.2411978793598
2026-02-11,Uppsala,3806,2,2,0,4686.0,4966.0,4243.0,4109.142857142857,1006.3381520097882
2026-02-12,Uppsala,4490,3,2,0,3806.0,4515.0,4126.0,3943.4285714285716,934.6801337254112
2026-02-13,Uppsala,5600,4,2,0,4490.0,4465.0,4463.0,3939.8571428571427,932.1765620616853
2026-02-14,Uppsala,2544,5,2,1,5600.0,2692.0,2656.0,4102.0,1118.778053651989
2026-02-15,Uppsala,2203,6,2,1,2544.0,2623.0,2457.0,4080.8571428571427,1150.805577059164
2026-02-16,Uppsala,4530,0,2,0,2203.0,4817.0,4727.0,4020.8571428571427,1246.4563675437964
2026-02-17,Uppsala,4287,1,2,0,4530.0,4686.0,5299.0,3979.8571428571427,1220.3508277774645
2026-02-18,Uppsala,4022,2,2,0,4287.0,3806.0,4966.0,3922.8571428571427,1190.8325419038322
2026-02-19,Uppsala,3995,3,2,0,4022.0,4490.0,4515.0,3953.714285714286,1190.0981352092654
2026-02-20,Uppsala,4247,4,2,0,3995.0,5600.0,4465.0,3883.0,1167.4116668939025
2026-02-21,Uppsala,2720,5,2,1,4247.0,2544.0,2692.0,3689.714285714286,921.9536709773283
2026-02-22,Uppsala,2486,6,2,1,2720.0,2203.0,2623.0,3714.8571428571427,887.2476972021265
2026-02-23,Uppsala,3661,0,2,0,2486.0,4530.0,4817.0,3755.285714285714,809.9575532676006
2026-02-24,Uppsala,4277,1,2,0,3661.0,4287.0,4686.0,3631.1428571428573,734.5083227509929
2026-02-25,Uppsala,4290,2,2,0,4277.0,4022.0,3806.0,3629.714285714286,733.0283564969176
2026-02-26,Uppsala,4293,3,2,0,4290.0,3995.0,4490.0,3668.0,763.3055307891682
2026-02-27,Uppsala,4450,4,2,0,4293.0,4247.0,5600.0,3710.5714285714284,792.3405953550653
2026-02-28,Uppsala,2515,5,2,1,4450.0,2720.0,2544.0,3739.5714285714284,818.5285287520237
2026-03-01,Uppsala,2632,6,3,1,2515.0,2486.0,2203.0,3710.285714285714,863.5179431229199
2026-03-02,Uppsala,5727,0,3,0,2632.0,3661.0,4530.0,3731.1428571428573,830.1364202289141
2026-03-03,Uppsala,4443,1,3,0,5727.0,4277.0,4287.0,4026.285714285714,1118.2962807004992
2026-03-04,Uppsala,5129,2,3,0,4443.0,4290.0,4022.0,4050.0,1126.2308821906804
2026-03-05,Uppsala,4663,3,3,0,5129.0,4293.0,3995.0,4169.857142857143,1198.3639442411227
2026-03-06,Uppsala,5120,4,3,0,4663.0,4450.0,4247.0,4222.714285714285,1212.774053466639
2026-03-07,Uppsala,2960,5,3,1,5120.0,2515.0,2720.0,4318.428571428572,1259.249757745043
2026-03-08,Uppsala,2598,6,3,1,2960.0,2632.0,2486.0,4382.0,1160.3838445388076
2026-03-09,Uppsala,5690,0,3,0,2598.0,5727.0,3661.0,4377.142857142857,1168.9692651464964
2026-03-10,Uppsala,5218,1,3,0,5690.0,4443.0,4277.0,4371.857142857143,1161.9107006093338
2026-03-11,Uppsala,5389,2,3,0,5218.0,5129.0,4290.0,4482.571428571428,1205.9098718592595
2026-03-12,Uppsala,5067,3,3,0,5389.0,4663.0,4293.0,4519.714285714285,1232.8420707570647
2026-03-13,Uppsala,5137,4,3,0,5067.0,5120.0,4450.0,4577.428571428572,1250.0047809432363
2026-03-14,Uppsala,3438,5,3,1,5137.0,2960.0,2515.0,4579.857142857143,1251.2504983111116
2026-03-15,Uppsala,2606,6,3,1,3438.0,2598.0,2632.0,4648.142857142857,1157.6576103741286
2026-03-16,Uppsala,5212,0,3,0,2606.0,5690.0,5727.0,4649.285714285715,1155.2979001518324
2026-03-17,Uppsala,4620,1,3,0,5212.0,5218.0,4443.0,4581.0,1096.1447592965671
2026-03-18,Uppsala,4540,2,3,0,4620.0,5389.0,5129.0,4495.571428571428,1060.9638475057868
2026-03-19,Uppsala,4195,3,3,0,4540.0,5067.0,4663.0,4374.285714285715,987.813530697251
2026-03-20,Uppsala,5045,4,3,0,4195.0,5137.0,5120.0,4249.714285714285,939.7089468350844
2026-03-21,Uppsala,2682,5,3,1,5045.0,3438.0,2960.0,4236.571428571428,925.771004288291
2026-03-22,Uppsala,2571,6,3,1,2682.0,2606.0,2598.0,4128.571428571428,1067.6797049588195
2026-03-23,Uppsala,4742,0,3,0,2571.0,5212.0,5690.0,4123.571428571428,1076.0475294866326
2026-03-24,Uppsala,5049,1,3,0,4742.0,4620.0,5218.0,4056.4285714285716,1009.4131722842499
2026-03-25,Uppsala,4772,2,3,0,5049.0,4540.0,5389.0,4117.714285714285,1061.0359268635714
2026-03-26,Uppsala,5062,3,3,0,4772.0,4195.0,5067.0,4150.857142857143,1079.8810781086695
2026-03-27,Uppsala,5119,4,3,0,5062.0,5045.0,5137.0,4274.714285714285,1134.1448635110817
2026-03-28,Uppsala,2719,5,3,1,5119.0,2682.0,3438.0,4285.285714285715,1142.8329878399716
2026-03-29,Uppsala,2563,6,3,1,2719.0,2571.0,2606.0,4290.571428571428,1134.2349634802088
2026-03-30,Uppsala,4701,0,3,0,2563.0,4742.0,5212.0,4289.428571428572,1136.2586057089368
2026-03-31,Uppsala,4819,1,3,0,4701.0,5049.0,4620.0,4283.571428571428,1133.639545467437
2026-04-01,Uppsala,5497,2,4,0,4819.0,4772.0,4540.0,4250.714285714285,1110.86133462368
2026-04-02,Uppsala,6222,3,4,0,5497.0,5062.0,4195.0,4354.285714285715,1197.9480670832809
2026-04-03,Uppsala,5063,4,4,0,6222.0,5119.0,5045.0,4520.0,1378.7522136579375
2026-04-04,Uppsala,3085,5,4,1,5063.0,2719.0,2682.0,4512.0,1374.8542953103538
2026-04-05,Uppsala,2782,6,4,1,3085.0,2563.0,2571.0,4564.285714285715,1300.236480322676
2026-04-06,Uppsala,5000,0,4,0,2782.0,4701.0,4742.0,4595.571428571428,1245.5410948851165
2026-04-07,Uppsala,5027,1,4,0,5000.0,4819.0,5049.0,4638.285714285715,1254.8513476750543
2026-04-08,Uppsala,5185,2,4,0,5027.0,5497.0,4772.0,4668.0,1262.2844370426164
2026-04-09,Uppsala,5358,3,4,0,5185.0,6222.0,5062.0,4623.428571428572,1233.3094849689114
2026-04-10,Uppsala,5515,4,4,0,5358.0,5063.0,5119.0,4500.0,1080.419363025301
2026-04-11,Uppsala,2735,5,4,1,5515.0,3085.0,2719.0,4564.571428571428,1131.9530109715754
2026-04-12,Uppsala,2747,6,4,1,2735.0,2782.0,2563.0,4514.571428571428,1213.0269105482707
2026-04-13,Uppsala,5267,0,4,0,2747.0,5000.0,4701.0,4509.571428571428,1221.4019072555993
2026-04-14,Uppsala,5159,1,4,0,5267.0,5027.0,4819.0,4547.714285714285,1243.2437028844752
2026-04-15,Uppsala,5334,2,4,0,5159.0,5185.0,5497.0,4566.571428571428,1252.6901528501035
2026-04-16,Uppsala,3991,3,4,0,5334.0,5358.0,6222.0,4587.857142857143,1266.1435448599314
2026-04-17,Uppsala,4767,4,4,0,3991.0,5515.0,5063.0,4392.571428571428,1232.5366603260195
2026-04-18,Uppsala,3195,5,4,1,4767.0,2735.0,3085.0,4285.714285714285,1148.571680289003
2026-04-19,Uppsala,2265,6,4,1,3195.0,2747.0,2782.0,4351.428571428572,1054.3572856078174
2026-04-20,Uppsala,5516,0,4,0,2265.0,5267.0,5000.0,4282.571428571428,1184.3296074352013
2026-04-21,Uppsala,4956,1,4,0,5516.0,5159.0,5027.0,4318.142857142857,1221.9662336539725
2026-04-22,Uppsala,4952,2,4,0,4956.0,5334.0,5185.0,4289.142857142857,1200.9123515854417
2026-04-23,Uppsala,4428,3,4,0,4952.0,3991.0,5358.0,4234.571428571428,1153.2526258576734
2026-04-24,Uppsala,5273,4,4,0,4428.0,4767.0,5515.0,4297.0,1149.6924226360136
2026-04-25,Uppsala,3356,5,4,1,5273.0,3195.0,2735.0,4369.285714285715,1199.017335749809
2026-04-26,Uppsala,2671,6,4,1,3356.0,2265.0,2747.0,4392.285714285715,1174.021112002919
2026-04-27,Uppsala,5310,0,4,0,2671.0,5516.0,5267.0,4450.285714285715,1055.452938203264
2026-04-28,Uppsala,5201,1,4,0,5310.0,4956.0,5159.0,4420.857142857143,1023.1637908258587
2026-04-29,Uppsala,4679,2,4,0,5201.0,4952.0,5334.0,4455.857142857143,1048.3999600297943
2026-04-30,Uppsala,4891,3,4,0,4679.0,4428.0,3991.0,4416.857142857143,1031.8141674693534
2026-05-01,Uppsala,5515,4,5,0,4891.0,5273.0,4767.0,4483.0,1047.370198799513
2026-05-02,Uppsala,3583,5,5,1,5515.0,3356.0,3195.0,4517.571428571428,1081.2387736824294
2026-05-03,Uppsala,3133,6,5,1,3583.0,2671.0,2265.0,4550.0,1043.334238551257
2026-05-04,Uppsala,5358,0,5,0,3133.0,5310.0,5516.0,4616.0,910.8635097166483
2026-05-05,Uppsala,5559,1,5,0,5358.0,5201.0,4956.0,4622.857142857143,917.1180274045829
2026-05-06,Uppsala,5978,2,5,0,5559.0,4679.0,4952.0,4674.0,963.5384441387537
2026-05-07,Uppsala,5036,3,5,0,5978.0,4891.0,4428.0,4859.571428571428,1082.4179502611803
2026-05-08,Uppsala,5361,4,5,0,5036.0,5515.0,5273.0,4880.285714285715,1084.505065961074
2026-05-09,Uppsala,3563,5,5,1,5361.0,3583.0,3356.0,4858.285714285715,1070.9608947553752
2026-05-10,Uppsala,3080,6,5,1,3563.0,3133.0,2671.0,4855.428571428572,1074.9494340266808
2026-05-11,Uppsala,5679,0,5,0,3080.0,5358.0,5310.0,4847.857142857143,1089.1956403039533
2026-05-12,Uppsala,5939,1,5,0,5679.0,5559.0,5201.0,4893.714285714285,1120.559044150984
2026-05-13,Uppsala,5505,2,5,0,5939.0,5978.0,4679.0,4948.0,1166.4264514604688
2026-05-14,Uppsala,5347,3,5,0,5505.0,5036.0,4891.0,4880.428571428572,1109.1056242370614
2026-05-15,Uppsala,5581,4,5,0,5347.0,5361.0,5515.0,4924.857142857143,1122.5240054703233
2026-05-16,Uppsala,3844,5,5,1,5581.0,3563.0,3583.0,4956.285714285715,1139.7184907227017
2026-05-17,Uppsala,2695,6,5,1,3844.0,3080.0,3133.0,4996.428571428572,1086.1555838741276
2026-05-18,Uppsala,4596,0,5,0,2695.0,5679.0,5358.0,4941.428571428572,1202.8510377630366
2026-05-19,Uppsala,5721,1,5,0,4596.0,5939.0,5559.0,4786.714285714285,1161.0955622867143
2026-05-20,Uppsala,4795,2,5,0,5721.0,5505.0,5978.0,4755.571428571428,1127.474738392964
2026-05-21,Uppsala,4902,3,5,0,4795.0,5347.0,5036.0,4654.142857142857,1079.7447890699946
2026-05-22,Uppsala,5720,4,5,0,4902.0,5581.0,5361.0,4590.571428571428,1044.6838209306604
2026-05-23,Uppsala,2902,5,5,1,5720.0,3844.0,3563.0,4610.428571428572,1067.7145150808262
2026-05-24,Uppsala,2502,6,5,1,2902.0,2695.0,3080.0,4475.857142857143,1227.7781325863164
2026-05-25,Uppsala,4830,0,5,0,2502.0,4596.0,5679.0,4448.285714285715,1275.6680229440199
2026-05-26,Uppsala,5012,1,5,0,4830.0,5721.0,5939.0,4481.714285714285,1283.2275342907446
2026-05-27,Uppsala,5336,2,5,0,5012.0,4795.0,5505.0,4380.428571428572,1193.9849045867177
2026-05-28,Uppsala,5328,3,5,0,5336.0,4902.0,5347.0,4457.714285714285,1241.8424100619898
2026-05-29,Uppsala,5690,4,5,0,5328.0,5720.0,5581.0,4518.571428571428,1277.1790343230211
2026-05-30,Uppsala,3155,5,5,1,5690.0,2902.0,3844.0,4514.285714285715,1272.5174149804673
2026-05-31,Uppsala,2470,6,5,1,3155.0,2502.0,2695.0,4550.428571428572,1221.6690573613969
2026-06-01,Uppsala,5753,0,6,0,2470.0,4830.0,4596.0,4545.857142857143,1230.6386456594296
2026-06-02,Uppsala,5391,1,6,0,5753.0,5012.0,5721.0,4677.714285714285,1312.8582957661129
2026-06-03,Uppsala,5580,2,6,0,5391.0,5336.0,4795.0,4731.857142857143,1336.5434808454504
2026-06-04,Uppsala,5586,3,6,0,5580.0,5328.0,4902.0,4766.714285714285,1357.9361440909393
2026-06-05,Uppsala,5780,4,6,0,5586.0,5690.0,5720.0,4803.571428571428,1379.0468758219504
2026-06-06,Uppsala,3738,5,6,1,5780.0,3155.0,2902.0,4816.428571428572,1389.0717352657787
2026-06-07,Uppsala,2996,6,6,1,3738.0,2470.0,2502.0,4899.714285714285,1286.5476690592927
2026-06-08,Uppsala,5984,0,6,0,2996.0,5753.0,4830.0,4974.857142857143,1126.3747790398793
2026-06-09,Uppsala,5265,1,6,0,5984.0,5391.0,5012.0,5007.857142857143,1155.9671893514696
2026-06-10,Uppsala,5235,2,6,0,5265.0,5580.0,5336.0,4989.857142857143,1149.9722356896868
2026-06-11,Uppsala,5229,3,6,0,5235.0,5586.0,5328.0,4940.571428571428,1127.6405835700841
2026-06-12,Uppsala,5803,4,6,0,5229.0,5780.0,5690.0,4889.571428571428,1101.3511182698642
2026-06-13,Uppsala,3280,5,6,1,5803.0,3738.0,3155.0,4892.857142857143,1104.4801837020304
2026-06-14,Uppsala,2886,6,6,1,3280.0,2996.0,2470.0,4827.428571428572,1194.2156222311562
2026-06-15,Uppsala,5327,0,6,0,2886.0,5984.0,5753.0,4811.714285714285,1222.7149728215074
2026-06-16,Uppsala,5162,1,6,0,5327.0,5265.0,5391.0,4717.857142857143,1140.1602853066195
2026-06-17,Uppsala,5283,2,6,0,5162.0,5235.0,5580.0,4703.142857142857,1132.5616140077348
2026-06-18,Uppsala,5083,3,6,0,5283.0,5229.0,5586.0,4710.0,1136.4570676742094
2026-06-19,Uppsala,4759,4,6,0,5083.0,5803.0,5780.0,4689.142857142857,1126.641828410345
2026-06-20,Uppsala,2913,5,6,1,4759.0,3280.0,3738.0,4540.0,1018.5306410052978
2026-06-21,Uppsala,2272,6,6,1,2913.0,2886.0,2996.0,4487.571428571428,1100.3571930882028
2026-06-22,Uppsala,5112,0,6,0,2272.0,5327.0,5984.0,4399.857142857143,1261.9155318498167
2026-06-23,Uppsala,5494,1,6,0,5112.0,5162.0,5265.0,4369.142857142857,1237.9778442513175
2026-06-24,Uppsala,4979,2,6,0,5494.0,5283.0,5235.0,4416.571428571428,1279.092758838968
2026-06-25,Uppsala,5107,3,6,0,4979.0,5083.0,5229.0,4373.142857142857,1249.5929241919036
2026-06-26,Uppsala,5886,4,6,0,5107.0,4759.0,5803.0,4376.571428571428,1251.8960096779665
2026-06-27,Uppsala,3752,5,6,1,5886.0,2913.0,3280.0,4537.571428571428,1375.6294143824787
2026-06-28,Uppsala,2878,6,6,1,3752.0,2272.0,2886.0,4657.428571428572,1240.394272955558
2026-06-29,Uppsala,6294,0,6,0,2878.0,5112.0,5327.0,4744.0,1053.1778893741844
2026-06-30,Uppsala,5644,1,6,0,6294.0,5494.0,5162.0,4912.857142857143,1205.7216965468458
2026-07-01,Uppsala,4533,2,7,0,5644.0,4979.0,5283.0,4934.285714285715,1219.030860189861
2026-07-02,Uppsala,4562,3,7,0,4533.0,5107.0,5083.0,4870.571428571428,1227.9272314409677
2026-07-03,Uppsala,4606,4,7,0,4562.0,5886.0,4759.0,4792.714285714285,1227.715862117629
2026-07-04,Uppsala,3000,5,7,1,4606.0,3752.0,2913.0,4609.857142857143,1129.1035424281536
2026-07-05,Uppsala,2602,6,7,1,3000.0,2878.0,2272.0,4502.428571428572,1253.274625018109
2026-07-06,Uppsala,5537,0,7,0,2602.0,6294.0,5112.0,4463.0,1315.6849926939185
2026-07-07,Uppsala,5657,1,7,0,5537.0,5644.0,5494.0,4354.857142857143,1162.2688198191527
2026-07-08,Uppsala,4378,2,7,0,5657.0,4533.0,4979.0,4356.714285714285,1164.6798865333062
2026-07-09,Uppsala,4858,3,7,0,4378.0,4562.0,5107.0,4334.571428571428,1162.24063158809
2026-07-10,Uppsala,4671,4,7,0,4858.0,4606.0,5886.0,4376.857142857143,1177.1828558853856
2026-07-11,Uppsala,3202,5,7,1,4671.0,3000.0,3752.0,4386.142857142857,1179.5455945082438
2026-07-12,Uppsala,2534,6,7,1,3202.0,2602.0,2878.0,4415.0,1141.8508367266409
2026-07-13,Uppsala,4343,0,7,0,2534.0,5537.0,6294.0,4405.285714285715,1159.990763510024
2026-07-14,Uppsala,5077,1,7,0,4343.0,5657.0,5644.0,4234.714285714285,1048.2454728872278
2026-07-15,Uppsala,4367,2,7,0,5077.0,4378.0,4533.0,4151.857142857143,933.7561117285779
2026-07-16,Uppsala,4277,3,7,0,4367.0,4858.0,4562.0,4150.285714285715,933.3212584252904
2026-07-17,Uppsala,4389,4,7,0,4277.0,4671.0,4606.0,4067.285714285714,884.4494924877852
2026-07-18,Uppsala,2798,5,7,1,4389.0,3202.0,3000.0,4027.0,858.4068576923936
2026-07-19,Uppsala,2512,6,7,1,2798.0,2534.0,2602.0,3969.285714285714,933.4232184608976
2026-07-20,Uppsala,4735,0,7,0,2512.0,4343.0,5537.0,3966.1428571428573,939.081187219972
2026-07-21,Uppsala,4756,1,7,0,4735.0,5077.0,5657.0,4022.1428571428573,976.252089809358
2026-07-22,Uppsala,4622,2,7,0,4756.0,4367.0,4378.0,3976.285714285714,924.618067868332
2026-07-23,Uppsala,4868,3,7,0,4622.0,4277.0,4858.0,4012.714285714286,947.3217887437021
2026-07-24,Uppsala,4711,4,7,0,4868.0,4389.0,4671.0,4097.142857142857,999.6900233858188
2026-07-25,Uppsala,2713,5,7,1,4711.0,2798.0,3202.0,4143.142857142857,1022.5058155615247
2026-07-26,Uppsala,2739,6,7,1,2713.0,2512.0,2534.0,4131.0,1041.4713950304456
2026-07-27,Uppsala,4950,0,7,0,2739.0,4735.0,4343.0,4163.428571428572,984.6418734989971
2026-07-28,Uppsala,5337,1,7,0,4950.0,4756.0,5077.0,4194.142857142857,1008.5067225972297
2026-07-29,Uppsala,4957,2,7,0,5337.0,4622.0,4367.0,4277.142857142857,1083.5690146565678
2026-07-30,Uppsala,4742,3,7,0,4957.0,4868.0,4277.0,4325.0,1108.4507206006028
2026-07-31,Uppsala,5311,4,7,0,4742.0,4711.0,4389.0,4307.0,1099.1473968490284
2026-08-01,Uppsala,4009,5,8,1,5311.0,2713.0,2798.0,4392.714285714285,1157.736399802894
2026-08-02,Uppsala,3384,6,8,1,4009.0,2739.0,2512.0,4577.857142857143,924.4793901743498
2026-08-03,Uppsala,5856,0,8,0,3384.0,4950.0,4735.0,4670.0,720.2360724095915
2026-08-04,Uppsala,5699,1,8,0,5856.0,5337.0,4756.0,4799.428571428572,848.859402795469
2026-08-05,Uppsala,5841,2,8,0,5699.0,4957.0,4622.0,4851.142857142857,896.7440044537815
2026-08-06,Uppsala,5002,3,8,0,5841.0,4742.0,4868.0,4977.428571428572,973.1284357066884
2026-08-07,Uppsala,5815,4,8,0,5002.0,5311.0,4711.0,5014.571428571428,967.5909702525544
2026-08-08,Uppsala,3497,5,8,1,5815.0,4009.0,2713.0,5086.571428571428,1011.0985539077184
2026-08-09,Uppsala,2960,6,8,1,3497.0,3384.0,2739.0,5013.428571428572,1115.2017541148982
2026-08-10,Uppsala,5316,0,8,0,2960.0,5856.0,4950.0,4952.857142857143,1224.601898383227
2026-08-11,Uppsala,4801,1,8,0,5316.0,5699.0,5337.0,4875.714285714285,1174.198125571333
2026-08-12,Uppsala,4412,2,8,0,4801.0,5841.0,4957.0,4747.428571428572,1116.9176121724229
2026-08-13,Uppsala,4627,3,8,0,4412.0,5002.0,4742.0,4543.285714285715,1009.1187102757372
2026-08-14,Uppsala,5173,4,8,0,4627.0,5815.0,5311.0,4489.714285714285,990.4900662947445
2026-08-15,Uppsala,3225,5,8,1,5173.0,3497.0,4009.0,4398.0,869.6781013685445
2026-08-16,Uppsala,3097,6,8,1,3225.0,2960.0,3384.0,4359.142857142857,921.1947728487205
2026-08-17,Uppsala,5756,0,8,0,3097.0,5316.0,5856.0,4378.714285714285,887.3482432291738
2026-08-18,Uppsala,4804,1,8,0,5756.0,4801.0,5699.0,4441.571428571428,975.9675297096799
2026-08-19,Uppsala,5093,2,8,0,4804.0,4412.0,5841.0,4442.0,976.1523105198949
2026-08-20,Uppsala,4755,3,8,0,5093.0,4627.0,5002.0,4539.285714285715,1006.1386111077838
2026-08-21,Uppsala,5178,4,8,0,4755.0,5173.0,5815.0,4557.571428571428,1009.1570504044194
2026-08-22,Uppsala,3344,5,8,1,5178.0,3225.0,3497.0,4558.285714285715,1009.6668946218023
2026-08-23,Uppsala,2895,6,8,1,3344.0,3097.0,2960.0,4575.285714285715,984.1561045358777
2026-08-24,Uppsala,5380,0,8,0,2895.0,5756.0,5316.0,4546.428571428572,1036.306077235042
2026-08-25,Uppsala,5782,1,8,0,5380.0,4804.0,4801.0,4492.714285714285,970.838420178782
2026-08-26,Uppsala,4831,2,8,0,5782.0,5093.0,4412.0,4632.428571428572,1086.5757922855394
2026-08-27,Uppsala,5215,3,8,0,4831.0,4755.0,4627.0,4595.0,1072.4877621679398
2026-08-28,Uppsala,8091,4,8,0,5215.0,5178.0,5173.0,4660.714285714285,1097.7212327188993
2026-01-01,Vasteras,3719,3,1,0,,,,,
2026-01-02,Vasteras,4343,4,1,0,3719.0,,,,
2026-01-03,Vasteras,2469,5,1,1,4343.0,,,,
2026-01-04,Vasteras,2126,6,1,1,2469.0,,,,
2026-01-05,Vasteras,3991,0,1,0,2126.0,,,,
2026-01-06,Vasteras,3807,1,1,0,3991.0,,,,
2026-01-07,Vasteras,3493,2,1,0,3807.0,,,,
2026-01-08,Vasteras,3708,3,1,0,3493.0,3719.0,,3421.1428571428573,816.6289301291068
2026-01-09,Vasteras,3604,4,1,0,3708.0,4343.0,,3419.5714285714284,815.9705585258286
2026-01-10,Vasteras,2466,5,1,1,3604.0,2469.0,,3314.0,718.5777619715211
2026-01-11,Vasteras,2092,6,1,1,2466.0,2126.0,,3313.5714285714284,719.1663824973228
2026-01-12,Vasteras,3886,0,1,0,2092.0,3991.0,,3308.714285714286,728.5770868127623
2026-01-13,Vasteras,3555,1,1,0,3886.0,3807.0,,3293.714285714286,713.1055822447133
2026-01-14,Vasteras,3585,2,1,0,3555.0,3493.0,,3257.714285714286,688.8218720602384
2026-01-15,Vasteras,3317,3,1,0,3585.0,3708.0,3719.0,3270.8571428571427,694.9101689118838
2026-01-16,Vasteras,3864,4,1,0,3317.0,3604.0,4343.0,3215.0,669.1531962114506
2026-01-17,Vasteras,1958,5,1,1,3864.0,2466.0,2469.0,3252.1428571428573,700.8112985608012
2026-01-18,Vasteras,1828,6,1,1,1958.0,2092.0,2126.0,3179.5714285714284,813.0946761484498
2026-01-19,Vasteras,3176,0,1,0,1828.0,3886.0,3991.0,3141.8571428571427,875.6630684937043
2026-01-20,Vasteras,3207,1,1,0,3176.0,3555.0,3807.0,3040.4285714285716,814.0554561664002
2026-01-21,Vasteras,3812,2,1,0,3207.0,3585.0,3493.0,2990.714285714286,787.5890879313727
2026-01-22,Vasteras,3661,3,1,0,3812.0,3317.0,3708.0,3023.1428571428573,820.1374739581629
2026-01-23,Vasteras,3549,4,1,0,3661.0,3864.0,3604.0,3072.285714285714,850.427091581188
2026-01-24,Vasteras,2098,5,1,1,3549.0,1958.0,2466.0,3027.285714285714,808.8703469006874
2026-01-25,Vasteras,1566,6,1,1,2098.0,1828.0,2092.0,3047.285714285714,779.2119340046316
2026-01-26,Vasteras,3780,0,1,0,1566.0,3176.0,3886.0,3009.8571428571427,850.5655821415594
2026-01-27,Vasteras,4487,1,1,0,3780.0,3207.0,3555.0,3096.1428571428573,899.460102611826
2026-01-28,Vasteras,3853,2,1,0,4487.0,3812.0,3585.0,3279.0,1044.2148565628947
2026-01-29,Vasteras,3558,3,1,0,3853.0,3661.0,3317.0,3284.8571428571427,1047.811597023598
2026-01-30,Vasteras,4137,4,1,0,3558.0,3549.0,3864.0,3270.1428571428573,1042.358132404826
2026-01-31,Vasteras,2227,5,1,1,4137.0,2098.0,1958.0,3354.1428571428573,1091.1271585798222
2026-02-01,Vasteras,2093,6,2,1,2227.0,1566.0,1828.0,3372.5714285714284,1067.2027075713495
2026-02-02,Vasteras,4238,0,2,0,2093.0,3780.0,3176.0,3447.8571428571427,928.0316856249088
2026-02-03,Vasteras,4038,1,2,0,4238.0,4487.0,3207.0,3513.285714285714,970.5236927016457
2026-02-04,Vasteras,4126,2,2,0,4038.0,3853.0,3812.0,3449.1428571428573,908.2861936217074
2026-02-05,Vasteras,3913,3,2,0,4126.0,3558.0,3661.0,3488.1428571428573,934.013816559375
2026-02-06,Vasteras,4268,4,2,0,3913.0,4137.0,3549.0,3538.8571428571427,947.9724729778867
2026-02-07,Vasteras,2390,5,2,1,4268.0,2227.0,2098.0,3557.5714285714284,962.9238213453265
2026-02-08,Vasteras,2205,6,2,1,2390.0,2093.0,1566.0,3580.8571428571427,926.6733384480622
2026-02-09,Vasteras,4502,0,2,0,2205.0,4238.0,3780.0,3596.8571428571427,897.200540305126
2026-02-10,Vasteras,3604,1,2,0,4502.0,4038.0,4487.0,3634.5714285714284,933.4591326785297
2026-02-11,Vasteras,3466,2,2,0,3604.0,4126.0,3853.0,3572.5714285714284,916.4558285669234
2026-02-12,Vasteras,3933,3,2,0,3466.0,3913.0,3558.0,3478.285714285714,883.3830264548735
2026-02-13,Vasteras,4691,4,2,0,3933.0,4268.0,4137.0,3481.1428571428573,885.0541280191906
2026-02-14,Vasteras,2598,5,2,1,4691.0,2390.0,2227.0,3541.5714285714284,959.0771357825984
2026-02-15,Vasteras,1902,6,2,1,2598.0,2205.0,2093.0,3571.285714285714,919.87349026659
2026-02-16,Vasteras,4244,0,2,0,1902.0,4502.0,4238.0,3528.0,998.6379056828689
2026-02-17,Vasteras,3756,1,2,0,4244.0,3604.0,4038.0,3491.1428571428573,960.7407608318747
2026-02-18,Vasteras,3665,2,2,0,3756.0,3466.0,4126.0,3512.8571428571427,965.4229519700037
2026-02-19,Vasteras,3940,3,2,0,3665.0,3933.0,3913.0,3541.285714285714,966.7422466348366
2026-02-20,Vasteras,3743,4,2,0,3940.0,4691.0,4268.0,3542.285714285714,967.2184714057995
2026-02-21,Vasteras,2245,5,2,1,3743.0,2598.0,2390.0,3406.8571428571427,837.2001808750059
2026-02-22,Vasteras,1959,6,2,1,2245.0,1902.0,2205.0,3356.4285714285716,902.1535082129604
2026-02-23,Vasteras,4148,0,2,0,1959.0,4244.0,4502.0,3364.5714285714284,886.9672780779188
2026-02-24,Vasteras,3497,1,2,0,4148.0,3756.0,3604.0,3350.8571428571427,871.7142935181281
2026-02-25,Vasteras,4003,2,2,0,3497.0,3665.0,3466.0,3313.8571428571427,857.0247815497962
2026-02-26,Vasteras,3660,3,2,0,4003.0,3940.0,3933.0,3362.1428571428573,889.0298886185675
2026-02-27,Vasteras,4457,4,2,0,3660.0,3743.0,4691.0,3322.1428571428573,864.6622517051437
2026-02-28,Vasteras,2150,5,2,1,4457.0,2245.0,2598.0,3424.1428571428573,959.49612272474
2026-03-01,Vasteras,2182,6,3,1,2150.0,1959.0,1902.0,3410.5714285714284,979.4190211791984
2026-03-02,Vasteras,4027,0,3,0,2182.0,4148.0,4244.0,3442.4285714285716,926.5341974517827
2026-03-03,Vasteras,4170,1,3,0,4027.0,3497.0,3756.0,3425.1428571428573,912.1946847340993
2026-03-04,Vasteras,4351,2,3,0,4170.0,4003.0,3665.0,3521.285714285714,955.4701659891
2026-03-05,Vasteras,4143,3,3,0,4351.0,3660.0,3940.0,3571.0,993.0270221230975
2026-03-06,Vasteras,4414,4,3,0,4143.0,4457.0,3743.0,3640.0,1016.7392323829481
2026-03-07,Vasteras,2746,5,3,1,4414.0,2150.0,2245.0,3633.8571428571427,1011.094691999951
2026-03-08,Vasteras,2332,6,3,1,2746.0,2182.0,1959.0,3719.0,882.193100554899
2026-03-09,Vasteras,4170,0,3,0,2332.0,4027.0,4148.0,3740.4285714285716,839.4217964652526
2026-03-10,Vasteras,4509,1,3,0,4170.0,4170.0,3497.0,3760.8571428571427,849.2409215629816
2026-03-11,Vasteras,4297,2,3,0,4509.0,4351.0,4003.0,3809.285714285714,885.3590070861486
2026-03-12,Vasteras,4101,3,3,0,4297.0,4143.0,3660.0,3801.5714285714284,880.0717503216912
2026-03-13,Vasteras,4414,4,3,0,4101.0,4414.0,4457.0,3795.5714285714284,877.4954619337271
2026-03-14,Vasteras,2668,5,3,1,4414.0,2746.0,2150.0,3795.5714285714284,877.4954619337271
2026-03-15,Vasteras,2469,6,3,1,2668.0,2332.0,2182.0,3784.4285714285716,893.3959288659677
2026-03-16,Vasteras,4199,0,3,0,2469.0,4170.0,4027.0,3804.0,857.0355885259372
2026-03-17,Vasteras,3977,1,3,0,4199.0,4509.0,4170.0,3808.1428571428573,859.1671216108903
2026-03-18,Vasteras,3707,2,3,0,3977.0,4297.0,4351.0,3732.1428571428573,808.8972799582214
2026-03-19,Vasteras,3565,3,3,0,3707.0,4101.0,4143.0,3647.8571428571427,770.0355897773876
2026-03-20,Vasteras,3777,4,3,0,3565.0,4414.0,4414.0,3571.285714285714,743.6636144309948
2026-03-21,Vasteras,2420,5,3,1,3777.0,2668.0,2746.0,3480.285714285714,657.3174561011126
2026-03-22,Vasteras,2154,6,3,1,2420.0,2469.0,2332.0,3444.8571428571427,712.7422228200572
2026-03-23,Vasteras,4393,0,3,0,2154.0,4199.0,4170.0,3399.8571428571427,790.3426321479034
2026-03-24,Vasteras,4203,1,3,0,4393.0,3977.0,4509.0,3427.5714285714284,825.6488069275897
2026-03-25,Vasteras,3865,2,3,0,4203.0,3707.0,4297.0,3459.8571428571427,854.624367499435
2026-03-26,Vasteras,4310,3,3,0,3865.0,3565.0,4101.0,3482.4285714285716,864.2715347124916
2026-03-27,Vasteras,4632,4,3,0,4310.0,3777.0,4414.0,3588.8571428571427,920.195527876445
2026-03-28,Vasteras,2732,5,3,1,4632.0,2420.0,2668.0,3711.0,1002.4034450592568
2026-03-29,Vasteras,2219,6,3,1,2732.0,2154.0,2469.0,3755.5714285714284,940.4546519534857
2026-03-30,Vasteras,4790,0,3,0,2219.0,4393.0,4199.0,3764.8571428571427,922.1484747717197
2026-03-31,Vasteras,4547,1,3,0,4790.0,4203.0,3977.0,3821.5714285714284,977.7513073617537
2026-04-01,Vasteras,3993,2,4,0,4547.0,3865.0,3707.0,3870.714285714286,1008.2856265770649
2026-04-02,Vasteras,5402,3,4,0,3993.0,4310.0,3565.0,3889.0,1009.324856855644
2026-04-03,Vasteras,4794,4,4,0,5402.0,4632.0,3777.0,4045.0,1158.5908107121627
2026-04-04,Vasteras,2736,5,4,1,4794.0,2732.0,2420.0,4068.1428571428573,1173.7886562426002
2026-04-05,Vasteras,2458,6,4,1,2736.0,2219.0,2154.0,4068.714285714286,1173.030507458596
2026-04-06,Vasteras,4265,0,4,0,2458.0,4790.0,4393.0,4102.857142857143,1112.1151661843041
2026-04-07,Vasteras,4985,1,4,0,4265.0,4547.0,4203.0,4027.8571428571427,1075.1395922656477
2026-04-08,Vasteras,4746,2,4,0,4985.0,3993.0,3865.0,4090.4285714285716,1122.1079652663934
2026-04-09,Vasteras,4173,3,4,0,4746.0,5402.0,4310.0,4198.0,1147.0278985273198
2026-04-10,Vasteras,4634,4,4,0,4173.0,4794.0,4632.0,4022.4285714285716,1018.9266995459581
2026-04-11,Vasteras,2309,5,4,1,4634.0,2736.0,2732.0,3999.5714285714284,1000.3590783884983
2026-04-12,Vasteras,2108,6,4,1,2309.0,2458.0,2219.0,3938.5714285714284,1098.4596574511143
2026-04-13,Vasteras,4378,0,4,0,2108.0,4265.0,4790.0,3888.5714285714284,1181.882799765253
2026-04-14,Vasteras,3964,1,4,0,4378.0,4985.0,4547.0,3904.714285714286,1188.6336293248248
2026-04-15,Vasteras,4316,2,4,0,3964.0,4746.0,3993.0,3758.8571428571427,1092.7546886304403
2026-04-16,Vasteras,4580,3,4,0,4316.0,4173.0,5402.0,3697.4285714285716,1038.7668742540939
2026-04-17,Vasteras,3952,4,4,0,4580.0,4634.0,4794.0,3755.5714285714284,1080.379540893363
2026-04-18,Vasteras,2517,5,4,1,3952.0,2309.0,2736.0,3658.1428571428573,1016.8432243257287
2026-04-19,Vasteras,2270,6,4,1,2517.0,2108.0,2458.0,3687.8571428571427,972.9389204144031
2026-04-20,Vasteras,4910,0,4,0,2270.0,4378.0,4265.0,3711.0,930.0790289002334
2026-04-21,Vasteras,3924,1,4,0,4910.0,3964.0,4985.0,3787.0,1011.8104236136996
2026-04-22,Vasteras,4248,2,4,0,3924.0,4316.0,4746.0,3781.285714285714,1010.7566001574789
2026-04-23,Vasteras,4667,3,4,0,4248.0,4580.0,4173.0,3771.5714285714284,1005.0717813739906
2026-04-24,Vasteras,3974,4,4,0,4667.0,3952.0,4634.0,3784.0,1017.1995871017649
2026-04-25,Vasteras,2567,5,4,1,3974.0,2517.0,2309.0,3787.1428571428573,1017.8389572310267
2026-04-26,Vasteras,2306,6,4,1,2567.0,2270.0,2108.0,3794.285714285714,1007.5635156630271
2026-04-27,Vasteras,4552,0,4,0,2306.0,4910.0,4378.0,3799.4285714285716,998.5379073329932
2026-04-28,Vasteras,4872,1,4,0,4552.0,3924.0,3964.0,3748.285714285714,939.6057177145668
2026-04-29,Vasteras,4562,2,4,0,4872.0,4248.0,4316.0,3883.714285714286,1032.84602180669
2026-04-30,Vasteras,3885,3,4,0,4562.0,4667.0,4580.0,3928.5714285714284,1057.8206932404094
2026-05-01,Vasteras,5162,4,5,0,3885.0,3974.0,3952.0,3816.8571428571427,1006.9068855611613
2026-05-02,Vasteras,2977,5,5,1,5162.0,2567.0,2517.0,3986.5714285714284,1130.3586240868958
2026-05-03,Vasteras,2820,6,5,1,2977.0,2306.0,2270.0,4045.1428571428573,1052.481263264962
2026-05-04,Vasteras,4864,0,5,0,2820.0,4552.0,4910.0,4118.571428571428,920.5900023251137
2026-05-05,Vasteras,4683,1,5,0,4864.0,4872.0,3924.0,4163.142857142857,952.0865556890351
2026-05-06,Vasteras,4885,2,5,0,4683.0,4562.0,4248.0,4136.142857142857,931.0820637966398
2026-05-07,Vasteras,4837,3,5,0,4885.0,3885.0,4667.0,4182.285714285715,963.1555281617667
2026-05-08,Vasteras,5047,4,5,0,4837.0,5162.0,3974.0,4318.285714285715,981.2246963677103
2026-05-09,Vasteras,2656,5,5,1,5047.0,2977.0,2567.0,4301.857142857143,965.5821091568598
2026-05-10,Vasteras,2579,6,5,1,2656.0,2820.0,2306.0,4256.0,1043.469533176061
2026-05-11,Vasteras,4490,0,5,0,2579.0,4864.0,4552.0,4221.571428571428,1101.1287931244099
2026-05-12,Vasteras,4708,1,5,0,4490.0,4683.0,4872.0,4168.142857142857,1073.4884611352263
2026-05-13,Vasteras,3989,2,5,0,4708.0,4885.0,4562.0,4171.714285714285,1075.5264934418112
2026-05-14,Vasteras,4451,3,5,0,3989.0,4837.0,3885.0,4043.714285714286,1028.7908297747272
2026-05-15,Vasteras,4347,4,5,0,4451.0,5047.0,5162.0,3988.5714285714284,988.7498600324988
2026-05-16,Vasteras,2592,5,5,1,4347.0,2656.0,2977.0,3888.5714285714284,894.7958532802994
2026-05-17,Vasteras,2486,6,5,1,2592.0,2579.0,2820.0,3879.4285714285716,909.6920462703953
2026-05-18,Vasteras,4736,0,5,0,2486.0,4490.0,4864.0,3866.1428571428573,932.2491492034071
2026-05-19,Vasteras,4316,1,5,0,4736.0,4708.0,4683.0,3901.285714285714,963.7893466737972
2026-05-20,Vasteras,4816,2,5,0,4316.0,3989.0,4885.0,3845.285714285714,919.4733482245357
2026-05-21,Vasteras,4188,3,5,0,4816.0,4451.0,4837.0,3963.4285714285716,991.3388013427193
2026-05-22,Vasteras,4691,4,5,0,4188.0,4347.0,5047.0,3925.8571428571427,974.6230773263802
2026-05-23,Vasteras,2988,5,5,1,4691.0,2592.0,2656.0,3975.0,1007.5149295833456
2026-05-24,Vasteras,2363,6,5,1,2988.0,2486.0,2579.0,4031.5714285714284,924.6256642812916
2026-05-25,Vasteras,5075,0,5,0,2363.0,4736.0,4490.0,4014.0,959.4072823015958
2026-05-26,Vasteras,4620,1,5,0,5075.0,4316.0,4708.0,4062.4285714285716,1009.190576178563
2026-05-27,Vasteras,4546,2,5,0,4620.0,4816.0,3989.0,4105.857142857143,1028.2816456871842
2026-05-28,Vasteras,5084,3,5,0,4546.0,4188.0,4451.0,4067.285714285714,1001.9304224488706
2026-05-29,Vasteras,4662,4,5,0,5084.0,4691.0,4347.0,4195.285714285715,1074.5258976692494
2026-05-30,Vasteras,2612,5,5,1,4662.0,2988.0,2592.0,4191.142857142857,1072.3498229855516
2026-05-31,Vasteras,2930,6,5,1,2612.0,2363.0,2486.0,4137.428571428572,1149.3148476582123
2026-06-01,Vasteras,6005,0,6,0,2930.0,5075.0,4736.0,4218.428571428572,1015.6203124433954
2026-06-02,Vasteras,4790,1,6,0,6005.0,4620.0,4316.0,4351.285714285715,1191.8804070719118
2026-06-03,Vasteras,4108,2,6,0,4790.0,4546.0,4816.0,4375.571428571428,1199.9727576272808
2026-06-04,Vasteras,4552,3,6,0,4108.0,5084.0,4188.0,4313.0,1201.023868760873
2026-06-05,Vasteras,4875,4,6,0,4552.0,4662.0,4691.0,4237.0,1160.2440835157636
2026-06-06,Vasteras,3027,5,6,1,4875.0,2612.0,2988.0,4267.428571428572,1175.934785201807
2026-06-07,Vasteras,2339,6,6,1,3027.0,2930.0,2363.0,4326.714285714285,1085.55296420545
2026-06-08,Vasteras,5145,0,6,0,2339.0,6005.0,5075.0,4242.285714285715,1226.1628105986736
2026-06-09,Vasteras,4906,1,6,0,5145.0,4790.0,4620.0,4119.428571428572,1050.6288366406816
2026-06-10,Vasteras,4049,2,6,0,4906.0,4108.0,4546.0,4136.0,1063.8007332202774
2026-06-11,Vasteras,4612,3,6,0,4049.0,4552.0,5084.0,4127.571428571428,1064.293170315845
2026-06-12,Vasteras,5354,4,6,0,4612.0,4875.0,4662.0,4136.142857142857,1068.5143001026283
2026-06-13,Vasteras,2918,5,6,1,5354.0,3027.0,2612.0,4204.571428571428,1136.8689248901794
2026-06-14,Vasteras,2332,6,6,1,2918.0,2339.0,2930.0,4189.0,1156.2669818572758
2026-06-15,Vasteras,4630,0,6,0,2332.0,5145.0,6005.0,4188.0,1158.1351389194615
2026-06-16,Vasteras,4702,1,6,0,4630.0,4906.0,4790.0,4114.428571428572,1102.2165330434332
2026-06-17,Vasteras,3823,2,6,0,4702.0,4049.0,4108.0,4085.285714285714,1080.2775437028074
2026-06-18,Vasteras,5370,3,6,0,3823.0,4612.0,4552.0,4053.0,1084.9099809047136
2026-06-19,Vasteras,4493,4,6,0,5370.0,5354.0,4875.0,4161.285714285715,1183.3642316556238
2026-06-20,Vasteras,3260,5,6,1,4493.0,2918.0,3027.0,4038.285714285714,1078.8627831016806
2026-06-21,Vasteras,2396,6,6,1,3260.0,2332.0,2339.0,4087.1428571428573,1026.1293662060725
2026-06-22,Vasteras,5379,0,6,0,2396.0,4630.0,5145.0,4096.285714285715,1008.0097080031377
2026-06-23,Vasteras,4339,1,6,0,5379.0,4702.0,4906.0,4203.285714285715,1108.8179463262843
2026-06-24,Vasteras,4777,2,6,0,4339.0,3823.0,4049.0,4151.428571428572,1089.9343798508937
2026-06-25,Vasteras,4657,3,6,0,4777.0,5370.0,4612.0,4287.714285714285,1101.604846619349
2026-06-26,Vasteras,4645,4,6,0,4657.0,4493.0,5354.0,4185.857142857143,1014.363910466625
2026-06-27,Vasteras,3138,5,6,1,4645.0,3260.0,2918.0,4207.571428571428,1023.6193721533506
2026-06-28,Vasteras,2827,6,6,1,3138.0,2396.0,2332.0,4190.142857142857,1043.2916544238608
2026-06-29,Vasteras,5044,0,6,0,2827.0,5379.0,4630.0,4251.714285714285,925.8705298772821
2026-06-30,Vasteras,4418,1,6,0,5044.0,4339.0,4702.0,4203.857142857143,864.5161322133574
2026-07-01,Vasteras,4276,2,7,0,4418.0,4777.0,3823.0,4215.142857142857,867.0861988236676
2026-07-02,Vasteras,3943,3,7,0,4276.0,4657.0,5370.0,4143.571428571428,832.985965696673
2026-07-03,Vasteras,4409,4,7,0,3943.0,4645.0,4493.0,4041.5714285714284,802.8060905646006
2026-07-04,Vasteras,2780,5,7,1,4409.0,3138.0,3260.0,4007.8571428571427,777.8074801584737
2026-07-05,Vasteras,2042,6,7,1,2780.0,2827.0,2396.0,3956.714285714286,852.6995786492269
2026-07-06,Vasteras,4019,0,7,0,2042.0,5044.0,5379.0,3844.5714285714284,1053.9152175171787
2026-07-07,Vasteras,4490,1,7,0,4019.0,4418.0,4339.0,3698.1428571428573,922.5084333076875
2026-07-08,Vasteras,4002,2,7,0,4490.0,4276.0,4777.0,3708.4285714285716,932.22258735827
2026-07-09,Vasteras,3314,3,7,0,4002.0,3943.0,4657.0,3669.285714285714,909.904338247653
2026-07-10,Vasteras,4533,4,7,0,3314.0,4409.0,4645.0,3579.4285714285716,909.4268995990161
2026-07-11,Vasteras,2692,5,7,1,4533.0,2780.0,3138.0,3597.1428571428573,929.2700412279537
2026-07-12,Vasteras,2073,6,7,1,2692.0,2042.0,2827.0,3584.5714285714284,942.6656984571
2026-07-13,Vasteras,3866,0,7,0,2073.0,4019.0,5044.0,3589.0,934.2462202224815
2026-07-14,Vasteras,4328,1,7,0,3866.0,4490.0,4418.0,3567.1428571428573,924.2457156282283
2026-07-15,Vasteras,4024,2,7,0,4328.0,4002.0,4276.0,3544.0,898.968853742994
2026-07-16,Vasteras,4490,3,7,0,4024.0,3314.0,3943.0,3547.1428571428573,900.8733593151716
2026-07-17,Vasteras,4255,4,7,0,4490.0,4533.0,4409.0,3715.1428571428573,957.9920717437093
2026-07-18,Vasteras,2641,5,7,1,4255.0,2692.0,2780.0,3675.4285714285716,923.5806871704713
2026-07-19,Vasteras,2128,6,7,1,2641.0,2073.0,2042.0,3668.1428571428573,932.786761729141
2026-07-20,Vasteras,4506,0,7,0,2128.0,3866.0,4019.0,3676.0,917.2126252946993
2026-07-21,Vasteras,4334,1,7,0,4506.0,4328.0,4490.0,3767.4285714285716,969.7043977664609
2026-07-22,Vasteras,4400,2,7,0,4334.0,4024.0,4002.0,3768.285714285714,970.2849605976073
2026-07-23,Vasteras,3868,3,7,0,4400.0,4490.0,3314.0,3822.0,996.8445214776456
2026-07-24,Vasteras,4227,4,7,0,3868.0,4255.0,4533.0,3733.1428571428573,954.1852420732943
2026-07-25,Vasteras,2644,5,7,1,4227.0,2641.0,2692.0,3729.1428571428573,951.6883993849061
2026-07-26,Vasteras,2432,6,7,1,2644.0,2128.0,2073.0,3729.5714285714284,951.117212745594
2026-07-27,Vasteras,5057,0,7,0,2432.0,4506.0,3866.0,3773.0,869.2143962605902
2026-07-28,Vasteras,4317,1,7,0,5057.0,4334.0,4328.0,3851.714285714286,966.1950655855688
2026-07-29,Vasteras,4205,2,7,0,4317.0,4400.0,4024.0,3849.285714285714,964.801139144868
2026-07-30,Vasteras,4372,3,7,0,4205.0,3868.0,4490.0,3821.4285714285716,948.9346407318835
2026-07-31,Vasteras,4530,4,7,0,4372.0,4227.0,4255.0,3893.4285714285716,971.8996616837306
2026-08-01,Vasteras,3327,5,8,1,4530.0,2644.0,2641.0,3936.714285714286,995.688323771669
2026-08-02,Vasteras,2188,6,8,1,3327.0,2432.0,2128.0,4034.285714285714,873.9156546421233
2026-08-03,Vasteras,4799,0,8,0,2188.0,5057.0,4506.0,3999.4285714285716,950.0278692653976
2026-08-04,Vasteras,4629,1,8,0,4799.0,4317.0,4334.0,3962.5714285714284,906.1517270197917
2026-08-05,Vasteras,3933,2,8,0,4629.0,4205.0,4400.0,4007.1428571428573,933.7439742904951
2026-08-06,Vasteras,4266,3,8,0,3933.0,4372.0,3868.0,3968.285714285714,929.7891722115844
2026-08-07,Vasteras,4557,4,8,0,4266.0,4530.0,4227.0,3953.1428571428573,922.9563782706498
2026-08-08,Vasteras,2952,5,8,1,4557.0,3327.0,2644.0,3957.0,925.8208970061822
2026-08-09,Vasteras,2663,6,8,1,2952.0,2188.0,2432.0,3903.4285714285716,977.7441480508165
2026-08-10,Vasteras,4730,0,8,0,2663.0,4799.0,5057.0,3971.285714285714,846.5259819374932
2026-08-11,Vasteras,4276,1,8,0,4730.0,4629.0,4317.0,3961.4285714285716,835.6129201855074
2026-08-12,Vasteras,4395,2,8,0,4276.0,3933.0,4205.0,3911.0,798.4355536505946
2026-08-13,Vasteras,4621,3,8,0,4395.0,4266.0,4372.0,3977.0,819.3774059206979
2026-08-14,Vasteras,4290,4,8,0,4621.0,4557.0,4530.0,4027.714285714286,850.6357846312591
2026-08-15,Vasteras,2670,5,8,1,4290.0,2952.0,3327.0,3989.5714285714284,828.6488715861209
2026-08-16,Vasteras,2469,6,8,1,2670.0,2663.0,2188.0,3949.285714285714,891.9367904146776
2026-08-17,Vasteras,4612,0,8,0,2469.0,4730.0,4799.0,3921.5714285714284,940.2699713633403
2026-08-18,Vasteras,4752,1,8,0,4612.0,4276.0,4629.0,3904.714285714286,924.282733490445
2026-08-19,Vasteras,4411,2,8,0,4752.0,4395.0,3933.0,3972.714285714286,972.4079586753888
2026-08-20,Vasteras,4586,3,8,0,4411.0,4621.0,4266.0,3975.0,973.5841001166765
2026-08-21,Vasteras,4397,4,8,0,4586.0,4290.0,4557.0,3970.0,969.7960266640258
2026-08-22,Vasteras,2972,5,8,1,4397.0,2670.0,2952.0,3985.285714285714,976.5005059370102
2026-08-23,Vasteras,2469,6,8,1,2972.0,2469.0,2663.0,4028.4285714285716,913.3328814736453
2026-08-24,Vasteras,4559,0,8,0,2469.0,4612.0,4730.0,4028.4285714285716,913.3328814736453
2026-08-25,Vasteras,4333,1,8,0,4559.0,4752.0,4276.0,4020.8571428571427,907.8923263198535
2026-08-26,Vasteras,4969,2,8,0,4333.0,4411.0,4395.0,3961.0,864.426013799522
2026-08-27,Vasteras,4580,3,8,0,4969.0,4586.0,4621.0,4040.714285714286,935.635027541137
2026-08-28,Vasteras,5847,4,8,0,4580.0,4397.0,4290.0,4039.8571428571427,935.0547984960431
